interface_cluster_id,n_targets,n_interfaces,pdb_ids,interface_ids
21aq_3__9k6j_3,3,3,9lof;9log;9ve0,9lof_A_C;9log_A_C;9ve0_B_C
21aq_3__9l9y_2,4,4,9loe;9lof;9log;9ve0,9loe_A_B;9lof_A_B;9log_A_B;9ve0_A_C
21aq_3__9ua5_3,1,2,21av,21av_B_C;21av_C_E
21aq_3__9n7s_4,1,2,21av,21av_A_C;21av_C_D
21tw_1__21tw_2,1,3,21tw,21tw_A_B;21tw_A_C;21tw_A_D
22ps_3__9k6j_3,1,2,22ps,22ps_B_C;22ps_E_F
22ps_3__9l9y_2,1,2,22ps,22ps_A_C;22ps_D_F
8ubi_3__9n7s_4,1,2,9zen,9zen_C_K;9zen_G_L
9ck4_1__9n7s_4,1,3,9ck4,9ck4_A_B;9ck4_A_D;9ck4_A_F
9ck4_1__9ua5_3,1,3,9ck4,9ck4_A_C;9ck4_A_E;9ck4_A_G
9d3j_1__9k6j_3,1,1,9d3j,9d3j_A_C
9d3j_1__9l9y_2,1,1,9d3j,9d3j_A_B
9d72_1__9l9y_2,1,1,9d72,9d72_A_E
9d73_4__9ncd_4,1,1,9ncd,9ncd_B_D
9d73_4__9qqf_4,1,1,9d73,9d73_A_D
9fte_1__9n7s_4,1,1,9fte,9fte_A_B
9gei_1__9vmn_5,1,1,9gei,9gei_A_B
9gfr_3__9k6j_3,1,3,9gfr,9gfr_A_C;9gfr_A_D;9gfr_A_E
9gfr_3__9l9y_2,1,3,9gfr,9gfr_B_C;9gfr_B_D;9gfr_B_E
9gvn_1__9k6j_3,1,4,9gvn,9gvn_A_D;9gvn_A_F;9gvn_B_D;9gvn_B_F
9gvn_1__9l9y_2,1,4,9gvn,9gvn_A_C;9gvn_A_E;9gvn_B_C;9gvn_B_E
9i3p_2__9i3p_3,1,1,9i3p,9i3p_B_C
9i5n_3__9n7s_4,1,1,9i5n,9i5n_A_C
9i5n_3__9ua5_3,1,1,9i5n,9i5n_B_C
9i6q_1__9l9o_4,1,1,9l9o,9l9o_C_D
9iar_1__9n7s_4,1,2,9iar,9iar_A_D;9iar_B_C
9ivj_1__9n7s_4,1,1,9ivj,9ivj_A_D
9ivj_3__9n7s_4,1,1,9ivj,9ivj_C_D
9ivj_3__9ua5_3,1,1,9ivj,9ivj_C_E
9j4c_1__9k6j_3,1,1,9j4c,9j4c_A_B
9j4c_1__9l9y_2,1,1,9j4c,9j4c_A_C
9jkr_5__9k6j_3,1,2,9jkr,9jkr_B_E;9jkr_D_E
9jkr_5__9l9y_2,1,2,9jkr,9jkr_A_E;9jkr_C_E
9k6j_3__9l1l_1,1,1,9l1l,9l1l_A_D
9k6j_3__9l1l_2,1,1,9l1l,9l1l_B_D
9k6j_3__9l1l_5,1,1,9l1l,9l1l_D_E
9k6j_3__9l9o_4,1,1,9l9o,9l9o_B_D
9k6j_3__9l9y_3,1,2,9l9y,9l9y_A_E;9l9y_C_F
9k6j_3__9lbw_1,1,2,9lbw,9lbw_A_D;9lbw_B_D
9k6j_3__9lh2_1,7,9,9k6j;9pso;9sat;9sbb;9ssm;9ynx;9zdu,9zdu_A_C;9sat_B_C;9pso_A_C;9pso_A_E;9k6j_A_C;9ynx_A_F;9ynx_B_D;9sbb_B_C;9ssm_B_C
9k6j_3__9lsz_1,1,1,9lsz,9lsz_A_B
9k6j_3__9lxp_1,6,6,9lxp;9ly2;9ly3;9lz0;9lz1;9lz2,9lz0_A_C;9ly2_A_C;9lxp_A_C;9lz2_B_D;9lz1_B_E;9ly3_B_D
9k6j_3__9lxp_5,4,4,9ly2;9ly3;9lz1;9lz2,9ly2_C_E;9lz2_D_E;9lz1_B_D;9ly3_D_E
9k6j_3__9ly6_1,2,2,9ly5;9ly6,9ly5_B_C;9ly6_A_E
9k6j_3__9ma7_1,1,1,9ma0,9ma0_A_C
9k6j_3__9mmj_3,4,4,9mmj;9mz6;9mz7;9mz8,9mz6_A_C;9mz8_A_C;9mz7_A_C;9mmj_A_C
9k6j_3__9mnb_2,1,2,9mnb,9mnb_A_B;9mnb_B_D
9k6j_3__9mns_3,4,5,9mns;9mnt;9mnu;9msc,9mnu_A_E;9mns_B_E;9msc_A_E;9msc_C_E;9mnt_A_C
9k6j_3__9n8i_3,1,1,9n8i,9n8i_B_C
9k6j_3__9n8n_5,1,2,9n8n,9n8n_B_E;9n8n_C_E
9k6j_3__9ncd_4,1,1,9ncd,9ncd_A_D
9k6j_3__9nl0_2,1,1,9nl0,9nl0_B_C
9k6j_3__9nl1_3,1,1,9nl1,9nl1_B_C
9k6j_3__9np0_1,1,1,9np0,9np0_A_C
9k6j_3__9nw4_3,1,1,9nw4,9nw4_B_C
9k6j_3__9nzf_3,2,2,9nkz;9nzf,9nkz_B_C;9nzf_B_C
9k6j_3__9q1l_3,1,1,9q1l,9q1l_D_F
9k6j_3__9qqf_4,8,8,9d72;9d73;9d74;9nw7;9nw8;9nw9;9qqe;9qqf,9d73_A_E;9qqf_B_D;9nw8_A_D;9qqe_A_E;9d72_B_D;9nw7_A_D;9nw9_A_D;9d74_A_D
9k6j_3__9qrv_1,1,1,9qrv,9qrv_A_C
9k6j_3__9rig_1,2,2,9rig;9rih,9rih_A_E;9rig_A_E
9k6j_3__9t3s_3,2,2,9t3r;9t3s,9t3r_A_C;9t3s_B_C
9k6j_3__9tmp_1,1,1,9tmp,9tmp_A_C
9k6j_3__9udq_1,2,3,9udq;9ue0,9ue0_B_C;9ue0_B_D;9udq_A_B
9k6j_3__9ugo_3,1,3,9ugo,9ugo_A_C;9ugo_A_D;9ugo_D_E
9k6j_3__9ull_3,1,1,9ull,9ull_B_F
9k6j_3__9ulm_4,1,1,9ulm,9ulm_B_H
9k6j_3__9vnp_1,1,3,9vnp,9vnp_A_B;9vnp_A_B.1;9vnp_A.1_B
9k6j_3__9wwh_3,3,5,9wwh;9x05;9x0j,9wwh_B_F;9x0j_A_B;9x0j_A_E;9x05_B_D;9x05_C_D
9k6j_3__9xth_2,3,3,9jno;9xsx;9xth,9jno_A_C;9xsx_A_C;9xth_B_C
9k6j_3__9y0e_1,2,2,9y0a;9y0e,9y0a_A_C;9y0e_A_C
9k6j_3__9yc5_1,1,1,9yc5,9yc5_A_C
9k6j_3__9yio_1,1,1,9yio,9yio_A_B
9k6j_3__9yxd_1,1,1,9yxd,9yxd_A_C
9k6j_3__9yxd_2,1,1,9yxd,9yxd_B_C
9k6j_3__EEFGRAFSF,2,2,9d73;9d74,9d73_C_E;9d74_D_E
9k6j_3__KIVAPVK,1,1,9hv9,9hv9_B_C
9k6j_3__RLPAKAPLL,1,1,9nw8,9nw8_D_E
9k6j_3__RMYSPTSIL,1,1,9nw9,9nw9_D_E
9k6j_3__VLHDDLLEA,1,1,9qqe,9qqe_B_E
9k6j_3__VMAPRTLLL,1,1,9nw7,9nw7_D_E
9kwy_1__9n7s_4,1,1,9kwy,9kwy_A_D
9l1l_1__9l9y_2,1,1,9l1l,9l1l_A_C
9l1l_2__9l9y_2,1,1,9l1l,9l1l_B_C
9l1l_5__9l9y_2,1,1,9l1l,9l1l_C_E
9l9y_2__9l9y_3,1,2,9l9y,9l9y_B_E;9l9y_D_F
9l9y_2__9lh2_1,8,9,9dsg;9k6j;9pso;9sat;9sbb;9ssm;9ynx;9zdu,9dsg_A_B;9zdu_A_B;9sat_A_C;9pso_A_D;9k6j_A_B;9ynx_A_E;9ynx_B_C;9sbb_A_C;9ssm_A_C
9l9y_2__9lxp_1,4,4,9lxp;9ly2;9ly3;9lz0,9lz0_A_B;9ly2_A_B;9lxp_A_B;9ly3_B_C
9l9y_2__9ly6_1,2,3,9ly5;9ly6,9ly5_A_C;9ly6_A_B;9ly6_A_D
9l9y_2__9ma7_1,1,1,9ma0,9ma0_A_B
9l9y_2__9mmj_3,4,4,9mmj;9mz6;9mz7;9mz8,9mz6_B_C;9mz8_B_C;9mz7_B_C;9mmj_B_C
9l9y_2__9mnb_2,1,2,9mnb,9mnb_B_C;9mnb_B_E
9l9y_2__9mns_3,3,4,9mnt;9mnu;9msc,9mnu_A_B;9msc_B_E;9msc_D_E;9mnt_B_C
9l9y_2__9n8i_3,1,1,9n8i,9n8i_A_C
9l9y_2__9n8n_5,1,2,9n8n,9n8n_A_E;9n8n_D_E
9l9y_2__9ncy_3,1,1,9ncy,9ncy_A_C
9l9y_2__9nl0_2,1,1,9nl0,9nl0_A_B
9l9y_2__9nl1_3,1,1,9nl1,9nl1_A_C
9l9y_2__9np0_1,1,1,9np0,9np0_A_B
9l9y_2__9nw4_3,1,1,9nw4,9nw4_A_C
9l9y_2__9nzf_3,2,2,9nkz;9nzf,9nkz_A_C;9nzf_A_C
9l9y_2__9q1l_3,1,1,9q1l,9q1l_E_F
9l9y_2__9qqf_4,7,7,9d72;9d74;9nw7;9nw8;9nw9;9qqe;9qqf,9qqf_A_D;9nw8_A_C;9qqe_A_D;9d72_D_E;9nw7_A_C;9nw9_A_C;9d74_A_C
9l9y_2__9qrv_1,1,3,9qrv,9qrv_A_B;9qrv_A_B.1;9qrv_A.1_B
9l9y_2__9rig_1,2,2,9rig;9rih,9rih_A_F;9rig_A_D
9l9y_2__9rig_2,2,2,9rig;9rih,9rih_B_F;9rig_B_D
9l9y_2__9rig_3,1,1,9rig,9rig_C_D
9l9y_2__9t3s_3,2,2,9t3r;9t3s,9t3r_B_C;9t3s_A_C
9l9y_2__9tmp_1,1,1,9tmp,9tmp_A_B
9l9y_2__9udq_1,2,3,9udq;9ue0,9ue0_A_C;9ue0_A_D;9udq_A_C
9l9y_2__9ugo_3,1,2,9ugo,9ugo_B_C;9ugo_D_F
9l9y_2__9ull_3,1,1,9ull,9ull_A_F
9l9y_2__9ulm_4,1,1,9ulm,9ulm_A_H
9l9y_2__9vnp_1,1,1,9vnp,9vnp_A_C
9l9y_2__9wwh_3,3,5,9wwh;9x05;9x0j,9wwh_A_F;9x0j_A_C;9x0j_A_D;9x05_A_D;9x05_D_E
9l9y_2__9xth_2,3,3,9jno;9xsx;9xth,9jno_A_B;9xsx_A_B;9xth_A_B
9l9y_2__9y0e_1,2,2,9y0a;9y0e,9y0a_A_B;9y0e_A_B
9l9y_2__9yc5_1,1,1,9yc5,9yc5_A_B
9l9y_2__9yio_1,1,1,9yio,9yio_A_C
9l9y_2__9yxd_1,1,1,9yxd,9yxd_A_D
9l9y_2__KIVAPVK,1,1,9hv9,9hv9_A_C
9l9y_2__RLPAKAPLL,1,1,9nw8,9nw8_C_E
9l9y_2__RMYSPTSIL,1,1,9nw9,9nw9_C_E
9l9y_2__VLHDDLLEA,1,1,9qqe,9qqe_B_D
9ldx_1__9n7s_4,10,10,21du;9lwc;9m0x;9m0z;9m1p;9m2o;9m2s;9m3q;9m3s;9n09,9m2o_D_E;9m0z_D_E;9m3q_D_E;9m2s_D_E;9m1p_D_E;21du_A_D;9m0x_D_E;9lwc_A_D;9m3s_C_D;9n09_A_D
9ldx_1__9vmn_5,6,6,9j87;9ldx;9le0;9m8k;9m8l;9uk2,9j87_B_E;9m8k_A_D;9le0_A_D;9m8l_B_E;9uk2_B_E;9ldx_A_E
9lh2_1__9n7s_4,4,4,9lh2;9loz;9lp1;9w14,9loz_A_B;9w14_A_C;9lp1_A_C;9lh2_A_B
9lh2_1__9ua5_3,3,3,9loz;9lp1;9w14,9loz_A_C;9w14_A_B;9lp1_B_C
9lme_1__9n7s_4,1,1,9lme,9lme_A_D
9lr2_1__9n7s_4,11,11,9m0j;9m40;9mxu;9mze;9mzf;9n05;9n0e;9n1p;9n1q;9n2i;9wpm,9wpm_B_C;9mze_A_D;9m0j_A_D;9n05_A_D;9m40_B_E;9n1q_A_D;9n1p_A_D;9n2i_B_E;9mzf_C_F;9mxu_C_F;9n0e_D_F
9lr2_1__9vmn_5,11,11,9lr1;9ppw;9ppy;9v0x;9v1h;9vmn;9vmo;9vo2;9wpm;9x3z;9xqc,9wpm_B_F;9lr1_A_D;9v1h_A_C;9v0x_A_C;9xqc_A_C;9ppw_B_E;9vmo_A_E;9ppy_B_E;9vo2_A_E;9x3z_B_D;9vmn_A_E
9lr2_2__9n7s_4,2,3,9lqw;9lr1,9lr1_E_F;9lqw_A_B;9lqw_C_D
9lsy_1__9n7s_4,1,2,9lsy,9lsy_A_F;9lsy_C_H
9lsy_1__9ua5_3,1,2,9lsy,9lsy_A_E;9lsy_C_G
9lsz_1__9lsz_3,1,1,9lsz,9lsz_A_C
9lxp_1__9lz1_1,2,2,9lz1;9lz2,9lz2_B_C;9lz1_A_E
9m72_1__9n7s_4,1,3,9m72,9m72_A_B;9m72_D_E;9m72_G_H
9m72_1__9ua5_3,1,3,9m72,9m72_A_C;9m72_D_F;9m72_G_I
9n38_1__9n7s_4,1,1,9n38,9n38_A_C
9n38_1__9ua5_3,1,1,9n38,9n38_A_D
9n7s_4__9obn_1,1,1,9obn,9obn_A_G
9n7s_4__9q6n_1,4,15,9q6h;9q6n;9q6y;9q6z,9q6z_A_B;9q6z_A_C;9q6z_A_D;9q6z_A_E;9q6y_A_B;9q6y_A_C;9q6y_A_D;9q6h_A_B;9q6h_A_C;9q6h_A_D;9q6h_A_E;9q6n_A_B;9q6n_A_C;9q6n_A_D;9q6n_A_E
9n7s_4__9q7y_4,1,1,9q7y,9q7y_C_D
9n7s_4__9rn6_1,1,2,9rn6,9rn6_A_B;9rn6_A_C
9n7s_4__9rye_2,2,2,9rye;9ryf,9ryf_B_C;9rye_B_C
9n7s_4__9th6_1,1,1,9th6,9th6_A_B
9n7s_4__9u5p_1,5,8,9u5p;9u5q;9u5r;9wb3;9wb4,9wb4_A_B;9wb3_A_B;9u5r_A_B;9u5q_A_B;9u5p_A_B;9u5p_A_E;9u5p_B_D;9u5p_D_E
9n7s_4__9ua5_1,1,2,9ua5,9ua5_A_B;9ua5_A_E
9n7s_4__9ulp_1,1,1,9ulp,9ulp_A_B
9n7s_4__9uoc_1,3,4,9uo0;9uoc;9uoi,9uoi_A_C;9uoi_B_C;9uoc_A_B;9uo0_A_B
9n7s_4__9vmn_2,21,21,21du;9lwc;9m0j;9m0x;9m0z;9m1p;9m2o;9m2s;9m3q;9m3s;9m40;9mxu;9mze;9mzf;9n05;9n09;9n0e;9n1p;9n1q;9n2i;9wpm,9wpm_C_D;9mze_B_D;9m2o_B_D;9m0z_B_D;9m0j_B_D;9n05_B_D;9m3q_B_D;9m2s_B_D;9m1p_B_D;9m40_C_E;21du_B_D;9m0x_B_D;9n1q_B_D;9lwc_B_D;9n1p_B_D;9n2i_C_E;9m3s_A_C;9mzf_A_C;9n09_B_D;9mxu_D_F;9n0e_A_D
9n7s_4__9xqn_1,2,2,9xqb;9xqn,9xqb_B_C;9xqn_A_C
9n7s_4__9xth_2,1,1,9l8z,9l8z_A_C
9n7s_4__9zen_4,1,2,9zen,9zen_D_K;9zen_H_L
9q7y_4__9ua5_3,1,1,9q7y,9q7y_B_D
9u5p_1__9ua5_3,5,6,9u5p;9u5q;9u5r;9wb3;9wb4,9wb4_A_C;9wb3_A_C;9u5r_A_C;9u5q_A_C;9u5p_A_C;9u5p_D_F
9ua5_1__9ua5_3,1,2,9ua5,9ua5_A_C;9ua5_A_D
9ua5_3__9xqn_1,2,2,9xqb;9xqn,9xqb_A_B;9xqn_A_B
9ua5_3__9xth_2,1,1,9l8z,9l8z_A_B
9vmn_2__9vmn_5,17,17,9j87;9ldx;9le0;9lr1;9m8k;9m8l;9ppw;9ppy;9uk2;9v0x;9v1h;9vmn;9vmo;9vo2;9wpm;9x3z;9xqc,9wpm_D_F;9lr1_B_D;9v1h_B_C;9j87_C_E;9m8k_B_D;9le0_B_D;9v0x_B_C;9xqc_B_C;9ppw_C_E;9vmo_B_E;9ppy_C_E;9vo2_B_E;9x3z_C_D;9m8l_B_D;9uk2_C_E;9vmn_B_E;9ldx_B_E
