pdb_id,id,type,entry_id,entity_id_1,entity_id_2,entity_type_1,entity_type_2,chain_id_1,chain_id_2,auth_chain_id_1,auth_chain_id_2,seq_length_1,seq_length_2,resolved_seq_length_1,resolved_seq_length_2,subset,entity_cluster_id_1,entity_cluster_id_2,interface_cluster_id
9lz0,9lz0_A_C,interface,9lz0,1,3,polypeptide(L),polypeptide(L),A,C,A,L,393,215,349,108,[antibody-protein];[antibody_HL-protein],9lxp_1,9k6j_3,9k6j_3__9lxp_1
9lz0,9lz0_A_B,interface,9lz0,1,2,polypeptide(L),polypeptide(L),A,B,A,H,393,229,349,118,[antibody-protein];[antibody_HL-protein],9lxp_1,9l9y_2,9l9y_2__9lxp_1
9wpm,9wpm_B_C,interface,9wpm,2,3,polypeptide(L),polypeptide(L),B,C,C,N,362,128,220,126,[antibody-protein];[antibody_H-protein],9lr2_1,9n7s_4,9lr2_1__9n7s_4
9wpm,9wpm_B_F,interface,9wpm,2,6,polypeptide(L),polypeptide(L),B,F,C,S,362,285,220,226,[antibody-protein];[antibody_scFv-protein],9lr2_1,9vmn_5,9lr2_1__9vmn_5
9wpm,9wpm_C_D,interface,9wpm,3,4,polypeptide(L),polypeptide(L),C,D,N,B,128,345,126,328,[antibody-protein];[antibody_H-protein],9n7s_4,9vmn_2,9n7s_4__9vmn_2
9wpm,9wpm_D_F,interface,9wpm,4,6,polypeptide(L),polypeptide(L),D,F,B,S,345,285,328,226,[antibody-protein];[antibody_scFv-protein],9vmn_2,9vmn_5,9vmn_2__9vmn_5
9dsg,9dsg_A_B,interface,9dsg,1,2,polypeptide(L),polypeptide(L),A,B,A,H,212,281,196,248,[antibody-protein];[antibody_HL-protein],9lh2_1,9l9y_2,9l9y_2__9lh2_1
9d73,9d73_A_D,interface,9d73,1,4,polypeptide(L),polypeptide(L),A,D,A,H,274,443,273,214,[antibody-protein];[antibody_HL-protein],9qqf_4,9d73_4,9d73_4__9qqf_4
9d73,9d73_A_E,interface,9d73,1,5,polypeptide(L),polypeptide(L),A,E,A,L,274,213,273,212,[antibody-protein];[antibody_HL-protein],9qqf_4,9k6j_3,9k6j_3__9qqf_4
9d73,9d73_C_E,interface,9d73,3,5,polypeptide(L),polypeptide(L),C,E,P,L,9,213,9,212,[antibody-protein];[antibody_HL-protein];[peptide-interface];[peptide-protein],EEFGRAFSF,9k6j_3,9k6j_3__EEFGRAFSF
9mze,9mze_A_D,interface,9mze,1,4,polypeptide(L),polypeptide(L),A,D,A,N,394,128,228,128,[antibody-protein];[antibody_H-protein],9lr2_1,9n7s_4,9lr2_1__9n7s_4
9mze,9mze_B_D,interface,9mze,2,4,polypeptide(L),polypeptide(L),B,D,B,N,350,128,339,128,[antibody-protein];[antibody_H-protein],9vmn_2,9n7s_4,9n7s_4__9vmn_2
9m72,9m72_A_B,interface,9m72,1,2,polypeptide(L),polypeptide(L),A,B,C,A,149,120,149,120,[antibody-protein];[antibody_HL-protein],9m72_1,9n7s_4,9m72_1__9n7s_4
9m72,9m72_D_E,interface,9m72,1,2,polypeptide(L),polypeptide(L),D,E,H,D,149,120,149,120,[antibody-protein];[antibody_HL-protein],9m72_1,9n7s_4,9m72_1__9n7s_4
9m72,9m72_G_H,interface,9m72,1,2,polypeptide(L),polypeptide(L),G,H,I,E,149,120,149,120,[antibody-protein];[antibody_HL-protein],9m72_1,9n7s_4,9m72_1__9n7s_4
9m72,9m72_A_C,interface,9m72,1,3,polypeptide(L),polypeptide(L),A,C,C,B,149,108,149,107,[antibody-protein];[antibody_HL-protein],9m72_1,9ua5_3,9m72_1__9ua5_3
9m72,9m72_D_F,interface,9m72,1,3,polypeptide(L),polypeptide(L),D,F,H,F,149,108,149,107,[antibody-protein];[antibody_HL-protein],9m72_1,9ua5_3,9m72_1__9ua5_3
9m72,9m72_G_I,interface,9m72,1,3,polypeptide(L),polypeptide(L),G,I,I,G,149,108,149,107,[antibody-protein];[antibody_HL-protein],9m72_1,9ua5_3,9m72_1__9ua5_3
9y0a,9y0a_A_B,interface,9y0a,1,2,polypeptide(L),polypeptide(L),A,B,C,A,160,227,159,225,[antibody-protein];[antibody_HL-protein],9y0e_1,9l9y_2,9l9y_2__9y0e_1
9y0a,9y0a_A_C,interface,9y0a,1,3,polypeptide(L),polypeptide(L),A,C,C,B,160,216,159,214,[antibody-protein];[antibody_HL-protein],9y0e_1,9k6j_3,9k6j_3__9y0e_1
9lsz,9lsz_A_B,interface,9lsz,1,2,polypeptide(L),polypeptide(L),A,B,A,L,614,225,583,110,[antibody-protein];[antibody_HL-protein],9lsz_1,9k6j_3,9k6j_3__9lsz_1
9lsz,9lsz_A_C,interface,9lsz,1,3,polypeptide(L),polypeptide(L),A,C,A,H,614,335,583,120,[antibody-protein];[antibody_HL-protein],9lsz_1,9lsz_3,9lsz_1__9lsz_3
9y0e,9y0e_A_B,interface,9y0e,1,2,polypeptide(L),polypeptide(L),A,B,C,A,160,227,159,222,[antibody-protein];[antibody_HL-protein],9y0e_1,9l9y_2,9l9y_2__9y0e_1
9y0e,9y0e_A_C,interface,9y0e,1,3,polypeptide(L),polypeptide(L),A,C,C,B,160,216,159,215,[antibody-protein];[antibody_HL-protein],9y0e_1,9k6j_3,9k6j_3__9y0e_1
9m2o,9m2o_B_D,interface,9m2o,2,4,polypeptide(L),polypeptide(L),B,D,B,N,340,139,338,127,[antibody-protein];[antibody_H-protein],9vmn_2,9n7s_4,9n7s_4__9vmn_2
9m2o,9m2o_D_E,interface,9m2o,4,5,polypeptide(L),polypeptide(L),D,E,N,A,139,247,127,232,[antibody-protein];[antibody_H-protein],9n7s_4,9ldx_1,9ldx_1__9n7s_4
9lr1,9lr1_A_D,interface,9lr1,1,4,polypeptide(L),polypeptide(L),A,D,A,S,354,250,217,231,[antibody-protein];[antibody_scFv-protein],9lr2_1,9vmn_5,9lr2_1__9vmn_5
9lr1,9lr1_B_D,interface,9lr1,2,4,polypeptide(L),polypeptide(L),B,D,B,S,345,250,339,231,[antibody-protein];[antibody_scFv-protein],9vmn_2,9vmn_5,9vmn_2__9vmn_5
9lr1,9lr1_E_F,interface,9lr1,5,6,polypeptide(L),polypeptide(L),E,F,C,R,130,380,129,297,[antibody-protein];[antibody_H-protein],9n7s_4,9lr2_2,9lr2_2__9n7s_4
9m0z,9m0z_B_D,interface,9m0z,2,4,polypeptide(L),polypeptide(L),B,D,B,N,340,139,338,127,[antibody-protein];[antibody_H-protein],9vmn_2,9n7s_4,9n7s_4__9vmn_2
9m0z,9m0z_D_E,interface,9m0z,4,5,polypeptide(L),polypeptide(L),D,E,N,A,139,247,127,235,[antibody-protein];[antibody_H-protein],9n7s_4,9ldx_1,9ldx_1__9n7s_4
9m0j,9m0j_A_D,interface,9m0j,1,4,polypeptide(L),polypeptide(L),A,D,A,N,361,128,232,128,[antibody-protein];[antibody_H-protein],9lr2_1,9n7s_4,9lr2_1__9n7s_4
9m0j,9m0j_B_D,interface,9m0j,2,4,polypeptide(L),polypeptide(L),B,D,B,N,344,128,338,128,[antibody-protein];[antibody_H-protein],9vmn_2,9n7s_4,9n7s_4__9vmn_2
22ps,22ps_A_C,interface,22ps,1,3,polypeptide(L),polypeptide(L),A,C,A,C,224,214,119,164,[antibody-protein];[antibody_HL-protein],9l9y_2,22ps_3,22ps_3__9l9y_2
22ps,22ps_D_F,interface,22ps,1,3,polypeptide(L),polypeptide(L),D,F,D,F,224,214,119,164,[antibody-protein];[antibody_HL-protein],9l9y_2,22ps_3,22ps_3__9l9y_2
22ps,22ps_B_C,interface,22ps,2,3,polypeptide(L),polypeptide(L),B,C,B,C,218,214,110,164,[antibody-protein];[antibody_HL-protein],9k6j_3,22ps_3,22ps_3__9k6j_3
22ps,22ps_E_F,interface,22ps,2,3,polypeptide(L),polypeptide(L),E,F,E,F,218,214,110,164,[antibody-protein];[antibody_HL-protein],9k6j_3,22ps_3,22ps_3__9k6j_3
9loe,9loe_A_B,interface,9loe,1,2,polypeptide(L),polypeptide(L),A,B,A,B,321,230,318,230,[antibody-protein];[antibody_HL-protein],21aq_3,9l9y_2,21aq_3__9l9y_2
9d3j,9d3j_A_B,interface,9d3j,1,2,polypeptide(L),polypeptide(L),A,B,C,A,64,224,56,180,[antibody-protein];[antibody_HL-protein],9d3j_1,9l9y_2,9d3j_1__9l9y_2
9d3j,9d3j_A_C,interface,9d3j,1,3,polypeptide(L),polypeptide(L),A,C,C,B,64,214,56,161,[antibody-protein];[antibody_HL-protein],9d3j_1,9k6j_3,9d3j_1__9k6j_3
9lof,9lof_A_B,interface,9lof,1,2,polypeptide(L),polypeptide(L),A,B,A,B,321,226,318,226,[antibody-protein];[antibody_HL-protein],21aq_3,9l9y_2,21aq_3__9l9y_2
9lof,9lof_A_C,interface,9lof,1,3,polypeptide(L),polypeptide(L),A,C,A,C,321,214,318,210,[antibody-protein];[antibody_HL-protein],21aq_3,9k6j_3,21aq_3__9k6j_3
9tmp,9tmp_A_B,interface,9tmp,1,2,polypeptide(L),polypeptide(L),A,B,A,H,128,229,103,226,[antibody-protein];[antibody_HL-protein],9tmp_1,9l9y_2,9l9y_2__9tmp_1
9tmp,9tmp_A_C,interface,9tmp,1,3,polypeptide(L),polypeptide(L),A,C,A,L,128,215,103,213,[antibody-protein];[antibody_HL-protein],9tmp_1,9k6j_3,9k6j_3__9tmp_1
9v1h,9v1h_A_C,interface,9v1h,1,3,polypeptide(L),polypeptide(L),A,C,A,E,361,247,208,228,[antibody-protein];[antibody_scFv-protein],9lr2_1,9vmn_5,9lr2_1__9vmn_5
9v1h,9v1h_B_C,interface,9v1h,2,3,polypeptide(L),polypeptide(L),B,C,B,E,371,247,335,228,[antibody-protein];[antibody_scFv-protein],9vmn_2,9vmn_5,9vmn_2__9vmn_5
9ue0,9ue0_A_C,interface,9ue0,1,3,polypeptide(L),polypeptide(L),A,C,A,C,223,124,223,84,[antibody-protein];[antibody_HL-protein],9l9y_2,9udq_1,9l9y_2__9udq_1
9ue0,9ue0_A_D,interface,9ue0,1,3,polypeptide(L),polypeptide(L),A,D,A,D,223,124,223,84,[antibody-protein];[antibody_HL-protein],9l9y_2,9udq_1,9l9y_2__9udq_1
9ue0,9ue0_B_C,interface,9ue0,2,3,polypeptide(L),polypeptide(L),B,C,B,C,214,124,214,84,[antibody-protein];[antibody_HL-protein],9k6j_3,9udq_1,9k6j_3__9udq_1
9ue0,9ue0_B_D,interface,9ue0,2,3,polypeptide(L),polypeptide(L),B,D,B,D,214,124,214,84,[antibody-protein];[antibody_HL-protein],9k6j_3,9udq_1,9k6j_3__9udq_1
9n05,9n05_A_D,interface,9n05,1,4,polypeptide(L),polypeptide(L),A,D,A,N,394,128,227,128,[antibody-protein];[antibody_H-protein],9lr2_1,9n7s_4,9lr2_1__9n7s_4
9n05,9n05_B_D,interface,9n05,2,4,polypeptide(L),polypeptide(L),B,D,B,N,351,128,340,128,[antibody-protein];[antibody_H-protein],9vmn_2,9n7s_4,9n7s_4__9vmn_2
9n8n,9n8n_A_E,interface,9n8n,1,5,polypeptide(L),polypeptide(L),A,E,A,I,227,324,217,308,[antibody-protein];[antibody_HL-protein],9l9y_2,9n8n_5,9l9y_2__9n8n_5
9n8n,9n8n_B_E,interface,9n8n,2,5,polypeptide(L),polypeptide(L),B,E,B,I,215,324,214,308,[antibody-protein];[antibody_HL-protein],9k6j_3,9n8n_5,9k6j_3__9n8n_5
9n8n,9n8n_C_E,interface,9n8n,3,5,polypeptide(L),polypeptide(L),C,E,E,I,214,324,209,308,[antibody-protein];[antibody_HL-protein],9k6j_3,9n8n_5,9k6j_3__9n8n_5
9n8n,9n8n_D_E,interface,9n8n,4,5,polypeptide(L),polypeptide(L),D,E,F,I,230,324,222,308,[antibody-protein];[antibody_HL-protein],9l9y_2,9n8n_5,9l9y_2__9n8n_5
9l9o,9l9o_B_D,interface,9l9o,2,4,polypeptide(L),polypeptide(L),B,D,C,A,237,533,212,396,[antibody-protein];[antibody_HL-protein],9k6j_3,9l9o_4,9k6j_3__9l9o_4
9l9o,9l9o_C_D,interface,9l9o,3,4,polypeptide(L),polypeptide(L),C,D,B,A,289,533,218,396,[antibody-protein];[antibody_HL-protein],9i6q_1,9l9o_4,9i6q_1__9l9o_4
9qqf,9qqf_A_D,interface,9qqf,1,4,polypeptide(L),polypeptide(L),A,D,H,A,228,341,190,275,[antibody-protein];[antibody_HL-protein],9l9y_2,9qqf_4,9l9y_2__9qqf_4
9qqf,9qqf_B_D,interface,9qqf,2,4,polypeptide(L),polypeptide(L),B,D,L,A,220,341,217,275,[antibody-protein];[antibody_HL-protein],9k6j_3,9qqf_4,9k6j_3__9qqf_4
9t3r,9t3r_A_C,interface,9t3r,1,3,polypeptide(L),polypeptide(L),A,C,L,A,216,636,108,437,[antibody-protein];[antibody_HL-protein],9k6j_3,9t3s_3,9k6j_3__9t3s_3
9t3r,9t3r_B_C,interface,9t3r,2,3,polypeptide(L),polypeptide(L),B,C,H,A,267,636,118,437,[antibody-protein];[antibody_HL-protein],9l9y_2,9t3s_3,9l9y_2__9t3s_3
9jno,9jno_A_B,interface,9jno,1,2,polypeptide(L),polypeptide(L),A,B,A,D,242,250,233,220,[antibody-protein];[antibody_HL-protein],9xth_2,9l9y_2,9l9y_2__9xth_2
9jno,9jno_A_C,interface,9jno,1,3,polypeptide(L),polypeptide(L),A,C,A,B,242,233,233,213,[antibody-protein];[antibody_HL-protein],9xth_2,9k6j_3,9k6j_3__9xth_2
9rih,9rih_A_E,interface,9rih,1,5,polypeptide(L),polypeptide(L),A,E,A,L,297,216,289,108,[antibody-protein];[antibody_HL-protein],9rig_1,9k6j_3,9k6j_3__9rig_1
9rih,9rih_A_F,interface,9rih,1,6,polypeptide(L),polypeptide(L),A,F,A,H,297,245,289,134,[antibody-protein];[antibody_HL-protein],9rig_1,9l9y_2,9l9y_2__9rig_1
9rih,9rih_B_F,interface,9rih,2,6,polypeptide(L),polypeptide(L),B,F,B,H,245,245,245,134,[antibody-protein];[antibody_HL-protein],9rig_2,9l9y_2,9l9y_2__9rig_2
9gvn,9gvn_A_C,interface,9gvn,1,2,polypeptide(L),polypeptide(L),A,C,A,C,115,226,111,217,[antibody-protein];[antibody_HL-protein],9gvn_1,9l9y_2,9gvn_1__9l9y_2
9gvn,9gvn_A_E,interface,9gvn,1,2,polypeptide(L),polypeptide(L),A,E,A,E,115,226,111,214,[antibody-protein];[antibody_HL-protein],9gvn_1,9l9y_2,9gvn_1__9l9y_2
9gvn,9gvn_B_C,interface,9gvn,1,2,polypeptide(L),polypeptide(L),B,C,B,C,115,226,112,217,[antibody-protein];[antibody_HL-protein],9gvn_1,9l9y_2,9gvn_1__9l9y_2
9gvn,9gvn_B_E,interface,9gvn,1,2,polypeptide(L),polypeptide(L),B,E,B,E,115,226,112,214,[antibody-protein];[antibody_HL-protein],9gvn_1,9l9y_2,9gvn_1__9l9y_2
9gvn,9gvn_A_D,interface,9gvn,1,3,polypeptide(L),polypeptide(L),A,D,A,D,115,220,111,219,[antibody-protein];[antibody_HL-protein],9gvn_1,9k6j_3,9gvn_1__9k6j_3
9gvn,9gvn_A_F,interface,9gvn,1,3,polypeptide(L),polypeptide(L),A,F,A,F,115,220,111,219,[antibody-protein];[antibody_HL-protein],9gvn_1,9k6j_3,9gvn_1__9k6j_3
9gvn,9gvn_B_D,interface,9gvn,1,3,polypeptide(L),polypeptide(L),B,D,B,D,115,220,112,219,[antibody-protein];[antibody_HL-protein],9gvn_1,9k6j_3,9gvn_1__9k6j_3
9gvn,9gvn_B_F,interface,9gvn,1,3,polypeptide(L),polypeptide(L),B,F,B,F,115,220,112,219,[antibody-protein];[antibody_HL-protein],9gvn_1,9k6j_3,9gvn_1__9k6j_3
9j87,9j87_B_E,interface,9j87,2,5,polypeptide(L),polypeptide(L),B,E,B,E,246,251,210,230,[antibody-protein];[antibody_scFv-protein],9ldx_1,9vmn_5,9ldx_1__9vmn_5
9j87,9j87_C_E,interface,9j87,3,5,polypeptide(L),polypeptide(L),C,E,C,E,339,251,326,230,[antibody-protein];[antibody_scFv-protein],9vmn_2,9vmn_5,9vmn_2__9vmn_5
9lbw,9lbw_A_D,interface,9lbw,1,3,polypeptide(L),polypeptide(L),A,D,A,L,183,234,141,109,[antibody-protein];[antibody_HL-protein],9lbw_1,9k6j_3,9k6j_3__9lbw_1
9lbw,9lbw_B_D,interface,9lbw,1,3,polypeptide(L),polypeptide(L),B,D,B,L,183,234,144,109,[antibody-protein];[antibody_HL-protein],9lbw_1,9k6j_3,9k6j_3__9lbw_1
9hv9,9hv9_A_C,interface,9hv9,1,3,polypeptide(L),polypeptide(L),A,C,H,A,238,7,223,7,[antibody-protein];[antibody_HL-protein];[peptide-interface];[peptide-protein],9l9y_2,KIVAPVK,9l9y_2__KIVAPVK
9hv9,9hv9_B_C,interface,9hv9,2,3,polypeptide(L),polypeptide(L),B,C,L,A,213,7,211,7,[antibody-protein];[antibody_HL-protein];[peptide-interface];[peptide-protein],9k6j_3,KIVAPVK,9k6j_3__KIVAPVK
9j4c,9j4c_A_B,interface,9j4c,1,2,polypeptide(L),polypeptide(L),A,B,A,L,690,213,655,213,[antibody-protein];[antibody_HL-protein],9j4c_1,9k6j_3,9j4c_1__9k6j_3
9j4c,9j4c_A_C,interface,9j4c,1,3,polypeptide(L),polypeptide(L),A,C,A,H,690,233,655,227,[antibody-protein];[antibody_HL-protein],9j4c_1,9l9y_2,9j4c_1__9l9y_2
9ck4,9ck4_A_B,interface,9ck4,1,2,polypeptide(L),polypeptide(L),A,B,W,A,99,119,80,119,[antibody-protein];[antibody_HL-protein],9ck4_1,9n7s_4,9ck4_1__9n7s_4
9ck4,9ck4_A_D,interface,9ck4,1,2,polypeptide(L),polypeptide(L),A,D,W,E,99,119,80,119,[antibody-protein];[antibody_HL-protein],9ck4_1,9n7s_4,9ck4_1__9n7s_4
9ck4,9ck4_A_F,interface,9ck4,1,2,polypeptide(L),polypeptide(L),A,F,W,C,99,119,80,119,[antibody-protein];[antibody_HL-protein],9ck4_1,9n7s_4,9ck4_1__9n7s_4
9ck4,9ck4_A_C,interface,9ck4,1,3,polypeptide(L),polypeptide(L),A,C,W,B,99,107,80,107,[antibody-protein];[antibody_HL-protein],9ck4_1,9ua5_3,9ck4_1__9ua5_3
9ck4,9ck4_A_E,interface,9ck4,1,3,polypeptide(L),polypeptide(L),A,E,W,F,99,107,80,107,[antibody-protein];[antibody_HL-protein],9ck4_1,9ua5_3,9ck4_1__9ua5_3
9ck4,9ck4_A_G,interface,9ck4,1,3,polypeptide(L),polypeptide(L),A,G,W,D,99,107,80,107,[antibody-protein];[antibody_HL-protein],9ck4_1,9ua5_3,9ck4_1__9ua5_3
9m3q,9m3q_B_D,interface,9m3q,2,4,polypeptide(L),polypeptide(L),B,D,B,N,340,139,338,127,[antibody-protein];[antibody_H-protein],9vmn_2,9n7s_4,9n7s_4__9vmn_2
9m3q,9m3q_D_E,interface,9m3q,4,5,polypeptide(L),polypeptide(L),D,E,N,A,139,247,127,235,[antibody-protein];[antibody_H-protein],9n7s_4,9ldx_1,9ldx_1__9n7s_4
9ryf,9ryf_B_C,interface,9ryf,2,3,polypeptide(L),polypeptide(L),B,C,B,C,578,136,571,121,[antibody-protein];[antibody_H-protein],9rye_2,9n7s_4,9n7s_4__9rye_2
9m8k,9m8k_A_D,interface,9m8k,1,4,polypeptide(L),polypeptide(L),A,D,A,N,239,307,238,232,[antibody-protein];[antibody_scFv-protein],9ldx_1,9vmn_5,9ldx_1__9vmn_5
9m8k,9m8k_B_D,interface,9m8k,2,4,polypeptide(L),polypeptide(L),B,D,B,N,351,307,339,232,[antibody-protein];[antibody_scFv-protein],9vmn_2,9vmn_5,9vmn_2__9vmn_5
9nkz,9nkz_A_C,interface,9nkz,1,3,polypeptide(L),polypeptide(L),A,C,H,A,230,24,230,15,[antibody-protein];[antibody_HL-protein];[peptide-interface];[peptide-protein],9l9y_2,9nzf_3,9l9y_2__9nzf_3
9nkz,9nkz_B_C,interface,9nkz,2,3,polypeptide(L),polypeptide(L),B,C,L,A,217,24,216,15,[antibody-protein];[antibody_HL-protein];[peptide-interface];[peptide-protein],9k6j_3,9nzf_3,9k6j_3__9nzf_3
9mnu,9mnu_A_B,interface,9mnu,1,2,polypeptide(L),polypeptide(L),A,B,E,H,189,230,140,227,[antibody-protein];[antibody_HL-protein],9mns_3,9l9y_2,9l9y_2__9mns_3
9mnu,9mnu_A_E,interface,9mnu,1,3,polypeptide(L),polypeptide(L),A,E,E,L,189,217,140,217,[antibody-protein];[antibody_HL-protein],9mns_3,9k6j_3,9k6j_3__9mns_3
9ivj,9ivj_A_D,interface,9ivj,1,4,polypeptide(L),polypeptide(L),A,D,A,H,659,126,655,126,[antibody-protein];[antibody_HL-protein],9ivj_1,9n7s_4,9ivj_1__9n7s_4
9ivj,9ivj_C_D,interface,9ivj,3,4,polypeptide(L),polypeptide(L),C,D,C,H,196,126,178,126,[antibody-protein];[antibody_HL-protein],9ivj_3,9n7s_4,9ivj_3__9n7s_4
9ivj,9ivj_C_E,interface,9ivj,3,5,polypeptide(L),polypeptide(L),C,E,C,L,196,111,178,110,[antibody-protein];[antibody_HL-protein],9ivj_3,9ua5_3,9ivj_3__9ua5_3
9loz,9loz_A_B,interface,9loz,1,2,polypeptide(L),polypeptide(L),A,B,A,B,194,117,194,117,[antibody-protein];[antibody_HL-protein],9lh2_1,9n7s_4,9lh2_1__9n7s_4
9loz,9loz_A_C,interface,9loz,1,3,polypeptide(L),polypeptide(L),A,C,A,C,194,107,194,100,[antibody-protein];[antibody_HL-protein],9lh2_1,9ua5_3,9lh2_1__9ua5_3
9mz6,9mz6_A_C,interface,9mz6,1,3,polypeptide(L),polypeptide(L),A,C,A,D,213,43,213,19,[antibody-protein];[antibody_HL-protein],9k6j_3,9mmj_3,9k6j_3__9mmj_3
9mz6,9mz6_B_C,interface,9mz6,2,3,polypeptide(L),polypeptide(L),B,C,B,D,216,43,207,19,[antibody-protein];[antibody_HL-protein],9l9y_2,9mmj_3,9l9y_2__9mmj_3
9mnb,9mnb_A_B,interface,9mnb,1,2,polypeptide(L),polypeptide(L),A,B,L,A,216,245,215,219,[antibody-protein];[antibody_HL-protein],9k6j_3,9mnb_2,9k6j_3__9mnb_2
9mnb,9mnb_B_C,interface,9mnb,2,3,polypeptide(L),polypeptide(L),B,C,A,H,245,221,219,216,[antibody-protein];[antibody_HL-protein],9mnb_2,9l9y_2,9l9y_2__9mnb_2
9mnb,9mnb_B_D,interface,9mnb,2,4,polypeptide(L),polypeptide(L),B,D,A,F,245,220,219,217,[antibody-protein];[antibody_HL-protein],9mnb_2,9k6j_3,9k6j_3__9mnb_2
9mnb,9mnb_B_E,interface,9mnb,2,5,polypeptide(L),polypeptide(L),B,E,A,E,245,216,219,212,[antibody-protein];[antibody_HL-protein],9mnb_2,9l9y_2,9l9y_2__9mnb_2
9ma0,9ma0_A_B,interface,9ma0,1,2,polypeptide(L),polypeptide(L),A,B,A,B,478,248,414,124,[antibody-protein];[antibody_HL-protein],9ma7_1,9l9y_2,9l9y_2__9ma7_1
9ma0,9ma0_A_C,interface,9ma0,1,3,polypeptide(L),polypeptide(L),A,C,A,C,478,237,414,112,[antibody-protein];[antibody_HL-protein],9ma7_1,9k6j_3,9k6j_3__9ma7_1
9n8i,9n8i_A_C,interface,9n8i,1,3,polypeptide(L),polypeptide(L),A,C,A,E,227,181,227,181,[antibody-protein];[antibody_HL-protein],9l9y_2,9n8i_3,9l9y_2__9n8i_3
9n8i,9n8i_B_C,interface,9n8i,2,3,polypeptide(L),polypeptide(L),B,C,B,E,215,181,215,181,[antibody-protein];[antibody_HL-protein],9k6j_3,9n8i_3,9k6j_3__9n8i_3
9m2s,9m2s_B_D,interface,9m2s,2,4,polypeptide(L),polypeptide(L),B,D,B,N,340,139,338,127,[antibody-protein];[antibody_H-protein],9vmn_2,9n7s_4,9n7s_4__9vmn_2
9m2s,9m2s_D_E,interface,9m2s,4,5,polypeptide(L),polypeptide(L),D,E,N,A,139,247,127,235,[antibody-protein];[antibody_H-protein],9n7s_4,9ldx_1,9ldx_1__9n7s_4
9ly5,9ly5_A_C,interface,9ly5,1,3,polypeptide(L),polypeptide(L),A,C,A,C,223,448,218,181,[antibody-protein];[antibody_HL-protein],9l9y_2,9ly6_1,9l9y_2__9ly6_1
9ly5,9ly5_B_C,interface,9ly5,2,3,polypeptide(L),polypeptide(L),B,C,B,C,213,448,213,181,[antibody-protein];[antibody_HL-protein],9k6j_3,9ly6_1,9k6j_3__9ly6_1
9nl1,9nl1_A_C,interface,9nl1,1,3,polypeptide(L),polypeptide(L),A,C,H,A,230,14,228,13,[antibody-protein];[antibody_HL-protein];[peptide-interface];[peptide-protein],9l9y_2,9nl1_3,9l9y_2__9nl1_3
9nl1,9nl1_B_C,interface,9nl1,2,3,polypeptide(L),polypeptide(L),B,C,L,A,217,14,213,13,[antibody-protein];[antibody_HL-protein];[peptide-interface];[peptide-protein],9k6j_3,9nl1_3,9k6j_3__9nl1_3
9mns,9mns_B_E,interface,9mns,2,3,polypeptide(L),polypeptide(L),B,E,L,E,211,231,211,160,[antibody-protein];[antibody_HL-protein],9k6j_3,9mns_3,9k6j_3__9mns_3
9zdu,9zdu_A_B,interface,9zdu,1,2,polypeptide(L),polypeptide(L),A,B,A,H,212,241,197,230,[antibody-protein];[antibody_HL-protein],9lh2_1,9l9y_2,9l9y_2__9lh2_1
9zdu,9zdu_A_C,interface,9zdu,1,3,polypeptide(L),polypeptide(L),A,C,A,L,212,214,197,213,[antibody-protein];[antibody_HL-protein],9lh2_1,9k6j_3,9k6j_3__9lh2_1
9le0,9le0_A_D,interface,9le0,1,4,polypeptide(L),polypeptide(L),A,D,A,S,246,259,233,232,[antibody-protein];[antibody_scFv-protein],9ldx_1,9vmn_5,9ldx_1__9vmn_5
9le0,9le0_B_D,interface,9le0,2,4,polypeptide(L),polypeptide(L),B,D,B,S,339,259,338,232,[antibody-protein];[antibody_scFv-protein],9vmn_2,9vmn_5,9vmn_2__9vmn_5
9obn,9obn_A_G,interface,9obn,1,2,polypeptide(L),polypeptide(L),A,G,A,G,150,131,141,128,[antibody-protein];[antibody_H-protein],9obn_1,9n7s_4,9n7s_4__9obn_1
9m1p,9m1p_B_D,interface,9m1p,2,4,polypeptide(L),polypeptide(L),B,D,B,N,340,139,338,127,[antibody-protein];[antibody_H-protein],9vmn_2,9n7s_4,9n7s_4__9vmn_2
9m1p,9m1p_D_E,interface,9m1p,4,5,polypeptide(L),polypeptide(L),D,E,N,A,139,247,127,235,[antibody-protein];[antibody_H-protein],9n7s_4,9ldx_1,9ldx_1__9n7s_4
9v0x,9v0x_A_C,interface,9v0x,1,3,polypeptide(L),polypeptide(L),A,C,A,E,361,247,229,232,[antibody-protein];[antibody_scFv-protein],9lr2_1,9vmn_5,9lr2_1__9vmn_5
9v0x,9v0x_B_C,interface,9v0x,2,3,polypeptide(L),polypeptide(L),B,C,B,E,371,247,336,232,[antibody-protein];[antibody_scFv-protein],9vmn_2,9vmn_5,9vmn_2__9vmn_5
9m40,9m40_B_E,interface,9m40,2,5,polypeptide(L),polypeptide(L),B,E,A,N,394,139,237,128,[antibody-protein];[antibody_H-protein],9lr2_1,9n7s_4,9lr2_1__9n7s_4
9m40,9m40_C_E,interface,9m40,3,5,polypeptide(L),polypeptide(L),C,E,B,N,340,139,338,128,[antibody-protein];[antibody_H-protein],9vmn_2,9n7s_4,9n7s_4__9vmn_2
21tw,21tw_A_B,interface,21tw,1,2,polypeptide(L),polypeptide(L),A,B,A,B,363,158,224,139,[antibody-protein];[antibody_H-protein],21tw_1,21tw_2,21tw_1__21tw_2
21tw,21tw_A_C,interface,21tw,1,2,polypeptide(L),polypeptide(L),A,C,A,C,363,158,224,137,[antibody-protein];[antibody_H-protein],21tw_1,21tw_2,21tw_1__21tw_2
21tw,21tw_A_D,interface,21tw,1,2,polypeptide(L),polypeptide(L),A,D,A,D,363,158,224,138,[antibody-protein];[antibody_H-protein],21tw_1,21tw_2,21tw_1__21tw_2
9ncd,9ncd_A_D,interface,9ncd,1,4,polypeptide(L),polypeptide(L),A,D,L,A,214,93,214,91,[antibody-protein];[antibody_HL-protein],9k6j_3,9ncd_4,9k6j_3__9ncd_4
9ncd,9ncd_B_D,interface,9ncd,2,4,polypeptide(L),polypeptide(L),B,D,H,A,451,93,223,91,[antibody-protein];[antibody_HL-protein],9d73_4,9ncd_4,9d73_4__9ncd_4
9kwy,9kwy_A_D,interface,9kwy,1,4,polypeptide(L),polypeptide(L),A,D,A,C,581,119,570,119,[antibody-protein];[antibody_HL-protein],9kwy_1,9n7s_4,9kwy_1__9n7s_4
9nw8,9nw8_A_C,interface,9nw8,1,3,polypeptide(L),polypeptide(L),A,C,A,H,275,233,269,223,[antibody-protein];[antibody_HL-protein],9qqf_4,9l9y_2,9l9y_2__9qqf_4
9nw8,9nw8_A_D,interface,9nw8,1,4,polypeptide(L),polypeptide(L),A,D,A,L,275,217,269,217,[antibody-protein];[antibody_HL-protein],9qqf_4,9k6j_3,9k6j_3__9qqf_4
9nw8,9nw8_C_E,interface,9nw8,3,5,polypeptide(L),polypeptide(L),C,E,H,P,233,9,223,9,[antibody-protein];[antibody_HL-protein];[peptide-interface];[peptide-protein],9l9y_2,RLPAKAPLL,9l9y_2__RLPAKAPLL
9nw8,9nw8_D_E,interface,9nw8,4,5,polypeptide(L),polypeptide(L),D,E,L,P,217,9,217,9,[antibody-protein];[antibody_HL-protein];[peptide-interface];[peptide-protein],9k6j_3,RLPAKAPLL,9k6j_3__RLPAKAPLL
21du,21du_A_D,interface,21du,1,4,polypeptide(L),polypeptide(L),A,D,A,N,246,162,241,126,[antibody-protein];[antibody_H-protein],9ldx_1,9n7s_4,9ldx_1__9n7s_4
21du,21du_B_D,interface,21du,2,4,polypeptide(L),polypeptide(L),B,D,B,N,351,162,339,126,[antibody-protein];[antibody_H-protein],9vmn_2,9n7s_4,9n7s_4__9vmn_2
9uoi,9uoi_A_C,interface,9uoi,1,3,polypeptide(L),polypeptide(L),A,C,C,B,127,208,115,207,[antibody-protein];[antibody_H-protein],9n7s_4,9uoc_1,9n7s_4__9uoc_1
9uoi,9uoi_B_C,interface,9uoi,2,3,polypeptide(L),polypeptide(L),B,C,A,B,116,208,116,207,[antibody-protein];[antibody_H-protein],9n7s_4,9uoc_1,9n7s_4__9uoc_1
9l8z,9l8z_A_B,interface,9l8z,1,2,polypeptide(L),polypeptide(L),A,B,A,B,241,106,233,105,[antibody-protein];[antibody_HL-protein],9xth_2,9ua5_3,9ua5_3__9xth_2
9l8z,9l8z_A_C,interface,9l8z,1,3,polypeptide(L),polypeptide(L),A,C,A,C,241,126,233,125,[antibody-protein];[antibody_HL-protein],9xth_2,9n7s_4,9n7s_4__9xth_2
9wb4,9wb4_A_B,interface,9wb4,1,2,polypeptide(L),polypeptide(L),A,B,A,B,180,127,179,127,[antibody-protein];[antibody_HL-protein],9u5p_1,9n7s_4,9n7s_4__9u5p_1
9wb4,9wb4_A_C,interface,9wb4,1,3,polypeptide(L),polypeptide(L),A,C,A,C,180,105,179,105,[antibody-protein];[antibody_HL-protein],9u5p_1,9ua5_3,9u5p_1__9ua5_3
9rye,9rye_B_C,interface,9rye,2,3,polypeptide(L),polypeptide(L),B,C,B,C,578,136,571,121,[antibody-protein];[antibody_H-protein],9rye_2,9n7s_4,9n7s_4__9rye_2
9l1l,9l1l_A_C,interface,9l1l,1,3,polypeptide(L),polypeptide(L),A,C,A,C,179,218,179,218,[antibody-protein];[antibody_HL-protein],9l1l_1,9l9y_2,9l1l_1__9l9y_2
9l1l,9l1l_A_D,interface,9l1l,1,4,polypeptide(L),polypeptide(L),A,D,A,D,179,211,179,211,[antibody-protein];[antibody_HL-protein],9l1l_1,9k6j_3,9k6j_3__9l1l_1
9l1l,9l1l_B_C,interface,9l1l,2,3,polypeptide(L),polypeptide(L),B,C,B,C,185,218,172,218,[antibody-protein];[antibody_HL-protein],9l1l_2,9l9y_2,9l1l_2__9l9y_2
9l1l,9l1l_B_D,interface,9l1l,2,4,polypeptide(L),polypeptide(L),B,D,B,D,185,211,172,211,[antibody-protein];[antibody_HL-protein],9l1l_2,9k6j_3,9k6j_3__9l1l_2
9l1l,9l1l_C_E,interface,9l1l,3,5,polypeptide(L),polypeptide(L),C,E,C,P,218,15,218,15,[antibody-protein];[antibody_HL-protein];[peptide-interface];[peptide-protein],9l9y_2,9l1l_5,9l1l_5__9l9y_2
9l1l,9l1l_D_E,interface,9l1l,4,5,polypeptide(L),polypeptide(L),D,E,D,P,211,15,211,15,[antibody-protein];[antibody_HL-protein];[peptide-interface];[peptide-protein],9k6j_3,9l1l_5,9k6j_3__9l1l_5
9q6z,9q6z_A_B,interface,9q6z,1,2,polypeptide(L),polypeptide(L),A,B,A,B,585,131,585,131,[antibody-protein];[antibody_H-protein],9q6n_1,9n7s_4,9n7s_4__9q6n_1
9q6z,9q6z_A_C,interface,9q6z,1,3,polypeptide(L),polypeptide(L),A,C,A,C,585,125,585,125,[antibody-protein];[antibody_H-protein],9q6n_1,9n7s_4,9n7s_4__9q6n_1
9q6z,9q6z_A_D,interface,9q6z,1,4,polypeptide(L),polypeptide(L),A,D,A,D,585,126,585,126,[antibody-protein];[antibody_H-protein],9q6n_1,9n7s_4,9n7s_4__9q6n_1
9q6z,9q6z_A_E,interface,9q6z,1,5,polypeptide(L),polypeptide(L),A,E,A,E,585,126,585,126,[antibody-protein];[antibody_H-protein],9q6n_1,9n7s_4,9n7s_4__9q6n_1
9t3s,9t3s_A_C,interface,9t3s,1,3,polypeptide(L),polypeptide(L),A,C,H,A,267,636,118,437,[antibody-protein];[antibody_HL-protein],9l9y_2,9t3s_3,9l9y_2__9t3s_3
9t3s,9t3s_B_C,interface,9t3s,2,3,polypeptide(L),polypeptide(L),B,C,L,A,216,636,108,437,[antibody-protein];[antibody_HL-protein],9k6j_3,9t3s_3,9k6j_3__9t3s_3
9gfr,9gfr_A_C,interface,9gfr,1,3,polypeptide(L),polypeptide(L),A,C,L,E,213,85,213,85,[antibody-protein];[antibody_HL-protein],9k6j_3,9gfr_3,9gfr_3__9k6j_3
9gfr,9gfr_A_D,interface,9gfr,1,3,polypeptide(L),polypeptide(L),A,D,L,F,213,85,213,85,[antibody-protein];[antibody_HL-protein],9k6j_3,9gfr_3,9gfr_3__9k6j_3
9gfr,9gfr_A_E,interface,9gfr,1,3,polypeptide(L),polypeptide(L),A,E,L,G,213,85,213,84,[antibody-protein];[antibody_HL-protein],9k6j_3,9gfr_3,9gfr_3__9k6j_3
9gfr,9gfr_B_C,interface,9gfr,2,3,polypeptide(L),polypeptide(L),B,C,H,E,219,85,219,85,[antibody-protein];[antibody_HL-protein],9l9y_2,9gfr_3,9gfr_3__9l9y_2
9gfr,9gfr_B_D,interface,9gfr,2,3,polypeptide(L),polypeptide(L),B,D,H,F,219,85,219,85,[antibody-protein];[antibody_HL-protein],9l9y_2,9gfr_3,9gfr_3__9l9y_2
9gfr,9gfr_B_E,interface,9gfr,2,3,polypeptide(L),polypeptide(L),B,E,H,G,219,85,219,84,[antibody-protein];[antibody_HL-protein],9l9y_2,9gfr_3,9gfr_3__9l9y_2
9ly2,9ly2_A_B,interface,9ly2,1,2,polypeptide(L),polypeptide(L),A,B,B,C,391,237,334,205,[antibody-protein];[antibody_HL-protein],9lxp_1,9l9y_2,9l9y_2__9lxp_1
9ly2,9ly2_A_C,interface,9ly2,1,3,polypeptide(L),polypeptide(L),A,C,B,E,391,213,334,207,[antibody-protein];[antibody_HL-protein],9lxp_1,9k6j_3,9k6j_3__9lxp_1
9ly2,9ly2_C_E,interface,9ly2,3,5,polypeptide(L),polypeptide(L),C,E,E,R,213,507,207,344,[antibody-protein];[antibody_HL-protein],9k6j_3,9lxp_5,9k6j_3__9lxp_5
9ncy,9ncy_A_C,interface,9ncy,1,3,polypeptide(L),polypeptide(L),A,C,H,A,230,73,228,65,[antibody-protein];[antibody_HL-protein],9l9y_2,9ncy_3,9l9y_2__9ncy_3
9sat,9sat_A_C,interface,9sat,1,3,polypeptide(L),polypeptide(L),A,C,H,R,225,266,219,195,[antibody-protein];[antibody_HL-protein],9l9y_2,9lh2_1,9l9y_2__9lh2_1
9sat,9sat_B_C,interface,9sat,2,3,polypeptide(L),polypeptide(L),B,C,L,R,216,266,213,195,[antibody-protein];[antibody_HL-protein],9k6j_3,9lh2_1,9k6j_3__9lh2_1
9fte,9fte_A_B,interface,9fte,1,2,polypeptide(L),polypeptide(L),A,B,A,B,426,147,255,107,[antibody-protein];[antibody_H-protein],9fte_1,9n7s_4,9fte_1__9n7s_4
9np0,9np0_A_B,interface,9np0,1,2,polypeptide(L),polypeptide(L),A,B,A,B,351,225,304,124,[antibody-protein];[antibody_HL-protein],9np0_1,9l9y_2,9l9y_2__9np0_1
9np0,9np0_A_C,interface,9np0,1,3,polypeptide(L),polypeptide(L),A,C,A,C,351,212,304,107,[antibody-protein];[antibody_HL-protein],9np0_1,9k6j_3,9k6j_3__9np0_1
9ugo,9ugo_A_C,interface,9ugo,1,3,polypeptide(L),polypeptide(L),A,C,A,C,215,98,215,98,[antibody-protein];[antibody_HL-protein],9k6j_3,9ugo_3,9k6j_3__9ugo_3
9ugo,9ugo_A_D,interface,9ugo,1,3,polypeptide(L),polypeptide(L),A,D,A,E,215,98,215,98,[antibody-protein];[antibody_HL-protein],9k6j_3,9ugo_3,9k6j_3__9ugo_3
9ugo,9ugo_D_E,interface,9ugo,1,3,polypeptide(L),polypeptide(L),E,D,D,E,215,98,215,98,[antibody-protein];[antibody_HL-protein],9k6j_3,9ugo_3,9k6j_3__9ugo_3
9ugo,9ugo_B_C,interface,9ugo,2,3,polypeptide(L),polypeptide(L),B,C,B,C,229,98,222,98,[antibody-protein];[antibody_HL-protein],9l9y_2,9ugo_3,9l9y_2__9ugo_3
9ugo,9ugo_D_F,interface,9ugo,2,3,polypeptide(L),polypeptide(L),F,D,F,E,229,98,222,98,[antibody-protein];[antibody_HL-protein],9l9y_2,9ugo_3,9l9y_2__9ugo_3
9yio,9yio_A_B,interface,9yio,1,2,polypeptide(L),polypeptide(L),A,B,B,C,83,213,83,209,[antibody-protein];[antibody_HL-protein],9yio_1,9k6j_3,9k6j_3__9yio_1
9yio,9yio_A_C,interface,9yio,1,3,polypeptide(L),polypeptide(L),A,C,B,D,83,224,83,222,[antibody-protein];[antibody_HL-protein],9yio_1,9l9y_2,9l9y_2__9yio_1
9i5n,9i5n_A_C,interface,9i5n,1,3,polypeptide(L),polypeptide(L),A,C,B,C,118,143,118,143,[antibody-protein];[antibody_HL-protein],9n7s_4,9i5n_3,9i5n_3__9n7s_4
9i5n,9i5n_B_C,interface,9i5n,2,3,polypeptide(L),polypeptide(L),B,C,A,C,107,143,107,143,[antibody-protein];[antibody_HL-protein],9ua5_3,9i5n_3,9i5n_3__9ua5_3
9xqc,9xqc_A_C,interface,9xqc,1,3,polypeptide(L),polypeptide(L),A,C,A,E,361,247,233,231,[antibody-protein];[antibody_scFv-protein],9lr2_1,9vmn_5,9lr2_1__9vmn_5
9xqc,9xqc_B_C,interface,9xqc,2,3,polypeptide(L),polypeptide(L),B,C,C,E,343,247,337,231,[antibody-protein];[antibody_scFv-protein],9vmn_2,9vmn_5,9vmn_2__9vmn_5
9pso,9pso_A_C,interface,9pso,1,3,polypeptide(L),polypeptide(L),A,C,E,G,209,215,191,211,[antibody-protein];[antibody_HL-protein],9lh2_1,9k6j_3,9k6j_3__9lh2_1
9pso,9pso_A_D,interface,9pso,1,4,polypeptide(L),polypeptide(L),A,D,E,H,209,221,191,219,[antibody-protein];[antibody_HL-protein],9lh2_1,9l9y_2,9l9y_2__9lh2_1
9pso,9pso_A_E,interface,9pso,1,5,polypeptide(L),polypeptide(L),A,E,E,L,209,221,191,217,[antibody-protein];[antibody_HL-protein],9lh2_1,9k6j_3,9k6j_3__9lh2_1
9q6y,9q6y_A_B,interface,9q6y,1,2,polypeptide(L),polypeptide(L),A,B,A,B,585,131,585,131,[antibody-protein];[antibody_H-protein],9q6n_1,9n7s_4,9n7s_4__9q6n_1
9q6y,9q6y_A_C,interface,9q6y,1,3,polypeptide(L),polypeptide(L),A,C,A,C,585,125,585,125,[antibody-protein];[antibody_H-protein],9q6n_1,9n7s_4,9n7s_4__9q6n_1
9q6y,9q6y_A_D,interface,9q6y,1,4,polypeptide(L),polypeptide(L),A,D,A,E,585,126,585,126,[antibody-protein];[antibody_H-protein],9q6n_1,9n7s_4,9n7s_4__9q6n_1
9qqe,9qqe_A_D,interface,9qqe,1,4,polypeptide(L),polypeptide(L),A,D,A,H,275,238,268,209,[antibody-protein];[antibody_HL-protein],9qqf_4,9l9y_2,9l9y_2__9qqf_4
9qqe,9qqe_A_E,interface,9qqe,1,5,polypeptide(L),polypeptide(L),A,E,A,L,275,216,268,195,[antibody-protein];[antibody_HL-protein],9qqf_4,9k6j_3,9k6j_3__9qqf_4
9qqe,9qqe_B_D,interface,9qqe,2,4,polypeptide(L),polypeptide(L),B,D,P,H,9,238,9,209,[antibody-protein];[antibody_HL-protein];[peptide-interface];[peptide-protein],VLHDDLLEA,9l9y_2,9l9y_2__VLHDDLLEA
9qqe,9qqe_B_E,interface,9qqe,2,5,polypeptide(L),polypeptide(L),B,E,P,L,9,216,9,195,[antibody-protein];[antibody_HL-protein];[peptide-interface];[peptide-protein],VLHDDLLEA,9k6j_3,9k6j_3__VLHDDLLEA
9qrv,9qrv_A_B,interface,9qrv,1,2,polypeptide(L),polypeptide(L),A,B,D,H,113,224,91,224,[antibody-protein];[antibody_HL-protein],9qrv_1,9l9y_2,9l9y_2__9qrv_1
9qrv,9qrv_A_B.1,interface,9qrv,1,2,polypeptide(L),polypeptide(L),A,B.1,D,H,113,224,91,224,[antibody-protein];[antibody_HL-protein],9qrv_1,9l9y_2,9l9y_2__9qrv_1
9qrv,9qrv_A.1_B,interface,9qrv,1,2,polypeptide(L),polypeptide(L),A.1,B,D,H,113,224,91,224,[antibody-protein];[antibody_HL-protein],9qrv_1,9l9y_2,9l9y_2__9qrv_1
9qrv,9qrv_A_C,interface,9qrv,1,3,polypeptide(L),polypeptide(L),A,C,D,L,113,213,91,213,[antibody-protein];[antibody_HL-protein],9qrv_1,9k6j_3,9k6j_3__9qrv_1
9k6j,9k6j_A_B,interface,9k6j,1,2,polypeptide(L),polypeptide(L),A,B,C,A,271,217,181,213,[antibody-protein];[antibody_HL-protein],9lh2_1,9l9y_2,9l9y_2__9lh2_1
9k6j,9k6j_A_C,interface,9k6j,1,3,polypeptide(L),polypeptide(L),A,C,C,B,271,211,181,211,[antibody-protein];[antibody_HL-protein],9lh2_1,9k6j_3,9k6j_3__9lh2_1
9wwh,9wwh_A_F,interface,9wwh,1,3,polypeptide(L),polypeptide(L),A,F,H,D,228,152,223,130,[antibody-protein];[antibody_HL-protein],9l9y_2,9wwh_3,9l9y_2__9wwh_3
9wwh,9wwh_B_F,interface,9wwh,2,3,polypeptide(L),polypeptide(L),B,F,L,D,211,152,208,130,[antibody-protein];[antibody_HL-protein],9k6j_3,9wwh_3,9k6j_3__9wwh_3
9log,9log_A_B,interface,9log,1,2,polypeptide(L),polypeptide(L),A,B,A,B,321,225,318,224,[antibody-protein];[antibody_HL-protein],21aq_3,9l9y_2,21aq_3__9l9y_2
9log,9log_A_C,interface,9log,1,3,polypeptide(L),polypeptide(L),A,C,A,C,321,217,318,216,[antibody-protein];[antibody_HL-protein],21aq_3,9k6j_3,21aq_3__9k6j_3
9lxp,9lxp_A_B,interface,9lxp,1,2,polypeptide(L),polypeptide(L),A,B,B,C,374,230,346,205,[antibody-protein];[antibody_HL-protein],9lxp_1,9l9y_2,9l9y_2__9lxp_1
9lxp,9lxp_A_C,interface,9lxp,1,3,polypeptide(L),polypeptide(L),A,C,B,E,374,215,346,207,[antibody-protein];[antibody_HL-protein],9lxp_1,9k6j_3,9k6j_3__9lxp_1
9msc,9msc_A_E,interface,9msc,1,5,polypeptide(L),polypeptide(L),A,E,L,E,216,262,208,230,[antibody-protein];[antibody_HL-protein],9k6j_3,9mns_3,9k6j_3__9mns_3
9msc,9msc_B_E,interface,9msc,2,5,polypeptide(L),polypeptide(L),B,E,H,E,224,262,222,230,[antibody-protein];[antibody_HL-protein],9l9y_2,9mns_3,9l9y_2__9mns_3
9msc,9msc_C_E,interface,9msc,3,5,polypeptide(L),polypeptide(L),C,E,B,E,217,262,217,230,[antibody-protein];[antibody_HL-protein],9k6j_3,9mns_3,9k6j_3__9mns_3
9msc,9msc_D_E,interface,9msc,4,5,polypeptide(L),polypeptide(L),D,E,A,E,223,262,220,230,[antibody-protein];[antibody_HL-protein],9l9y_2,9mns_3,9l9y_2__9mns_3
9uoc,9uoc_A_B,interface,9uoc,1,2,polypeptide(L),polypeptide(L),A,B,B,A,208,123,206,123,[antibody-protein];[antibody_H-protein],9uoc_1,9n7s_4,9n7s_4__9uoc_1
9wb3,9wb3_A_B,interface,9wb3,1,2,polypeptide(L),polypeptide(L),A,B,A,B,180,127,179,127,[antibody-protein];[antibody_HL-protein],9u5p_1,9n7s_4,9n7s_4__9u5p_1
9wb3,9wb3_A_C,interface,9wb3,1,3,polypeptide(L),polypeptide(L),A,C,A,C,180,105,179,105,[antibody-protein];[antibody_HL-protein],9u5p_1,9ua5_3,9u5p_1__9ua5_3
9ull,9ull_A_F,interface,9ull,1,3,polypeptide(L),polypeptide(L),A,F,A,K,231,11,216,10,[antibody-protein];[antibody_HL-protein];[peptide-interface];[peptide-protein],9l9y_2,9ull_3,9l9y_2__9ull_3
9ull,9ull_B_F,interface,9ull,2,3,polypeptide(L),polypeptide(L),B,F,B,K,219,11,217,10,[antibody-protein];[antibody_HL-protein];[peptide-interface];[peptide-protein],9k6j_3,9ull_3,9k6j_3__9ull_3
9ppw,9ppw_B_E,interface,9ppw,2,5,polypeptide(L),polypeptide(L),B,E,B,E,354,251,200,232,[antibody-protein];[antibody_scFv-protein],9lr2_1,9vmn_5,9lr2_1__9vmn_5
9ppw,9ppw_C_E,interface,9ppw,3,5,polypeptide(L),polypeptide(L),C,E,C,E,340,251,335,232,[antibody-protein];[antibody_scFv-protein],9vmn_2,9vmn_5,9vmn_2__9vmn_5
9vmo,9vmo_A_E,interface,9vmo,1,5,polypeptide(L),polypeptide(L),A,E,A,S,356,247,234,230,[antibody-protein];[antibody_scFv-protein],9lr2_1,9vmn_5,9lr2_1__9vmn_5
9vmo,9vmo_B_E,interface,9vmo,2,5,polypeptide(L),polypeptide(L),B,E,B,S,338,247,338,230,[antibody-protein];[antibody_scFv-protein],9vmn_2,9vmn_5,9vmn_2__9vmn_5
9q1l,9q1l_D_F,interface,9q1l,1,3,polypeptide(L),polypeptide(L),D,F,E,F,214,47,214,39,[antibody-protein];[antibody_HL-protein],9k6j_3,9q1l_3,9k6j_3__9q1l_3
9q1l,9q1l_E_F,interface,9q1l,2,3,polypeptide(L),polypeptide(L),E,F,D,F,230,47,221,39,[antibody-protein];[antibody_HL-protein],9l9y_2,9q1l_3,9l9y_2__9q1l_3
9d72,9d72_A_E,interface,9d72,1,5,polypeptide(L),polypeptide(L),A,E,B,H,98,222,98,203,[antibody-protein];[antibody_HL-protein],9d72_1,9l9y_2,9d72_1__9l9y_2
9d72,9d72_B_D,interface,9d72,2,4,polypeptide(L),polypeptide(L),B,D,L,A,213,273,213,266,[antibody-protein];[antibody_HL-protein],9k6j_3,9qqf_4,9k6j_3__9qqf_4
9d72,9d72_D_E,interface,9d72,4,5,polypeptide(L),polypeptide(L),D,E,A,H,273,222,266,203,[antibody-protein];[antibody_HL-protein],9qqf_4,9l9y_2,9l9y_2__9qqf_4
9m0x,9m0x_B_D,interface,9m0x,2,4,polypeptide(L),polypeptide(L),B,D,B,N,340,139,338,127,[antibody-protein];[antibody_H-protein],9vmn_2,9n7s_4,9n7s_4__9vmn_2
9m0x,9m0x_D_E,interface,9m0x,4,5,polypeptide(L),polypeptide(L),D,E,N,A,139,247,127,233,[antibody-protein];[antibody_H-protein],9n7s_4,9ldx_1,9ldx_1__9n7s_4
9n1q,9n1q_A_D,interface,9n1q,1,4,polypeptide(L),polypeptide(L),A,D,A,N,394,128,229,128,[antibody-protein];[antibody_H-protein],9lr2_1,9n7s_4,9lr2_1__9n7s_4
9n1q,9n1q_B_D,interface,9n1q,2,4,polypeptide(L),polypeptide(L),B,D,B,N,350,128,339,128,[antibody-protein];[antibody_H-protein],9vmn_2,9n7s_4,9n7s_4__9vmn_2
9q6h,9q6h_A_B,interface,9q6h,1,2,polypeptide(L),polypeptide(L),A,B,A,B,585,131,585,131,[antibody-protein];[antibody_H-protein],9q6n_1,9n7s_4,9n7s_4__9q6n_1
9q6h,9q6h_A_C,interface,9q6h,1,3,polypeptide(L),polypeptide(L),A,C,A,C,585,125,585,125,[antibody-protein];[antibody_H-protein],9q6n_1,9n7s_4,9n7s_4__9q6n_1
9q6h,9q6h_A_D,interface,9q6h,1,4,polypeptide(L),polypeptide(L),A,D,A,D,585,124,585,124,[antibody-protein];[antibody_H-protein],9q6n_1,9n7s_4,9n7s_4__9q6n_1
9q6h,9q6h_A_E,interface,9q6h,1,5,polypeptide(L),polypeptide(L),A,E,A,E,585,128,585,128,[antibody-protein];[antibody_H-protein],9q6n_1,9n7s_4,9n7s_4__9q6n_1
9lwc,9lwc_A_D,interface,9lwc,1,4,polypeptide(L),polypeptide(L),A,D,A,N,244,134,194,91,[antibody-protein];[antibody_H-protein],9ldx_1,9n7s_4,9ldx_1__9n7s_4
9lwc,9lwc_B_D,interface,9lwc,2,4,polypeptide(L),polypeptide(L),B,D,B,N,303,134,292,91,[antibody-protein];[antibody_H-protein],9vmn_2,9n7s_4,9n7s_4__9vmn_2
9nzf,9nzf_A_C,interface,9nzf,1,3,polypeptide(L),polypeptide(L),A,C,H,A,230,20,228,15,[antibody-protein];[antibody_HL-protein];[peptide-interface];[peptide-protein],9l9y_2,9nzf_3,9l9y_2__9nzf_3
9nzf,9nzf_B_C,interface,9nzf,2,3,polypeptide(L),polypeptide(L),B,C,L,A,217,20,215,15,[antibody-protein];[antibody_HL-protein];[peptide-interface];[peptide-protein],9k6j_3,9nzf_3,9k6j_3__9nzf_3
9gei,9gei_A_B,interface,9gei,1,2,polypeptide(L),polypeptide(L),A,B,A,B,188,253,174,226,[antibody-protein];[antibody_scFv-protein],9gei_1,9vmn_5,9gei_1__9vmn_5
9nw7,9nw7_A_C,interface,9nw7,1,3,polypeptide(L),polypeptide(L),A,C,A,H,275,233,269,223,[antibody-protein];[antibody_HL-protein],9qqf_4,9l9y_2,9l9y_2__9qqf_4
9nw7,9nw7_A_D,interface,9nw7,1,4,polypeptide(L),polypeptide(L),A,D,A,L,275,217,269,217,[antibody-protein];[antibody_HL-protein],9qqf_4,9k6j_3,9k6j_3__9qqf_4
9nw7,9nw7_D_E,interface,9nw7,4,5,polypeptide(L),polypeptide(L),D,E,L,P,217,9,217,9,[antibody-protein];[antibody_HL-protein];[peptide-interface];[peptide-protein],9k6j_3,VMAPRTLLL,9k6j_3__VMAPRTLLL
9ve0,9ve0_A_C,interface,9ve0,1,3,polypeptide(L),polypeptide(L),A,C,H,A,232,338,217,313,[antibody-protein];[antibody_HL-protein],9l9y_2,21aq_3,21aq_3__9l9y_2
9ve0,9ve0_B_C,interface,9ve0,2,3,polypeptide(L),polypeptide(L),B,C,L,A,218,338,217,313,[antibody-protein];[antibody_HL-protein],9k6j_3,21aq_3,21aq_3__9k6j_3
9xqb,9xqb_A_B,interface,9xqb,1,2,polypeptide(L),polypeptide(L),A,B,B,C,127,431,107,222,[antibody-protein];[antibody_HL-protein],9ua5_3,9xqn_1,9ua5_3__9xqn_1
9xqb,9xqb_B_C,interface,9xqb,2,3,polypeptide(L),polypeptide(L),B,C,C,A,431,136,222,124,[antibody-protein];[antibody_HL-protein],9xqn_1,9n7s_4,9n7s_4__9xqn_1
9lz2,9lz2_B_C,interface,9lz2,2,3,polypeptide(L),polypeptide(L),B,C,A,H,393,160,349,118,[antibody-protein];[antibody_HL-protein],9lxp_1,9lz1_1,9lxp_1__9lz1_1
9lz2,9lz2_B_D,interface,9lz2,2,4,polypeptide(L),polypeptide(L),B,D,A,L,393,215,349,108,[antibody-protein];[antibody_HL-protein],9lxp_1,9k6j_3,9k6j_3__9lxp_1
9lz2,9lz2_D_E,interface,9lz2,4,5,polypeptide(L),polypeptide(L),D,E,L,R,215,500,108,283,[antibody-protein];[antibody_HL-protein],9k6j_3,9lxp_5,9k6j_3__9lxp_5
9yxd,9yxd_A_C,interface,9yxd,1,3,polypeptide(L),polypeptide(L),A,C,A,C,92,220,87,215,[antibody-protein];[antibody_HL-protein],9yxd_1,9k6j_3,9k6j_3__9yxd_1
9yxd,9yxd_A_D,interface,9yxd,1,4,polypeptide(L),polypeptide(L),A,D,A,D,92,225,87,216,[antibody-protein];[antibody_HL-protein],9yxd_1,9l9y_2,9l9y_2__9yxd_1
9yxd,9yxd_B_C,interface,9yxd,2,3,polypeptide(L),polypeptide(L),B,C,B,C,111,220,106,215,[antibody-protein];[antibody_HL-protein],9yxd_2,9k6j_3,9k6j_3__9yxd_2
9u5r,9u5r_A_B,interface,9u5r,1,2,polypeptide(L),polypeptide(L),A,B,O,P,180,127,180,127,[antibody-protein];[antibody_HL-protein],9u5p_1,9n7s_4,9n7s_4__9u5p_1
9u5r,9u5r_A_C,interface,9u5r,1,3,polypeptide(L),polypeptide(L),A,C,O,Q,180,107,180,107,[antibody-protein];[antibody_HL-protein],9u5p_1,9ua5_3,9u5p_1__9ua5_3
9n38,9n38_A_C,interface,9n38,1,3,polypeptide(L),polypeptide(L),A,C,A,H,311,121,245,119,[antibody-protein];[antibody_HL-protein],9n38_1,9n7s_4,9n38_1__9n7s_4
9n38,9n38_A_D,interface,9n38,1,4,polypeptide(L),polypeptide(L),A,D,A,L,311,107,245,105,[antibody-protein];[antibody_HL-protein],9n38_1,9ua5_3,9n38_1__9ua5_3
9u5q,9u5q_A_B,interface,9u5q,1,2,polypeptide(L),polypeptide(L),A,B,A,B,180,127,179,127,[antibody-protein];[antibody_HL-protein],9u5p_1,9n7s_4,9n7s_4__9u5p_1
9u5q,9u5q_A_C,interface,9u5q,1,3,polypeptide(L),polypeptide(L),A,C,A,C,180,105,179,105,[antibody-protein];[antibody_HL-protein],9u5p_1,9ua5_3,9u5p_1__9ua5_3
9xsx,9xsx_A_B,interface,9xsx,1,2,polypeptide(L),polypeptide(L),A,B,A,B,240,251,234,226,[antibody-protein];[antibody_HL-protein],9xth_2,9l9y_2,9l9y_2__9xth_2
9xsx,9xsx_A_C,interface,9xsx,1,3,polypeptide(L),polypeptide(L),A,C,A,C,240,231,234,206,[antibody-protein];[antibody_HL-protein],9xth_2,9k6j_3,9k6j_3__9xth_2
9ppy,9ppy_B_E,interface,9ppy,2,5,polypeptide(L),polypeptide(L),B,E,B,E,354,251,199,232,[antibody-protein];[antibody_scFv-protein],9lr2_1,9vmn_5,9lr2_1__9vmn_5
9ppy,9ppy_C_E,interface,9ppy,3,5,polypeptide(L),polypeptide(L),C,E,C,E,340,251,336,232,[antibody-protein];[antibody_scFv-protein],9vmn_2,9vmn_5,9vmn_2__9vmn_5
9lz1,9lz1_A_E,interface,9lz1,1,5,polypeptide(L),polypeptide(L),A,E,H,A,160,393,118,349,[antibody-protein];[antibody_HL-protein],9lz1_1,9lxp_1,9lxp_1__9lz1_1
9lz1,9lz1_B_D,interface,9lz1,2,4,polypeptide(L),polypeptide(L),B,D,L,R,215,483,108,277,[antibody-protein];[antibody_HL-protein],9k6j_3,9lxp_5,9k6j_3__9lxp_5
9lz1,9lz1_B_E,interface,9lz1,2,5,polypeptide(L),polypeptide(L),B,E,L,A,215,393,108,349,[antibody-protein];[antibody_HL-protein],9k6j_3,9lxp_1,9k6j_3__9lxp_1
9x0j,9x0j_A_B,interface,9x0j,1,2,polypeptide(L),polypeptide(L),A,B,A,C,158,212,150,199,[antibody-protein];[antibody_HL-protein],9wwh_3,9k6j_3,9k6j_3__9wwh_3
9x0j,9x0j_A_C,interface,9x0j,1,3,polypeptide(L),polypeptide(L),A,C,A,F,158,227,150,219,[antibody-protein];[antibody_HL-protein],9wwh_3,9l9y_2,9l9y_2__9wwh_3
9x0j,9x0j_A_D,interface,9x0j,1,4,polypeptide(L),polypeptide(L),A,D,A,E,158,221,150,219,[antibody-protein];[antibody_HL-protein],9wwh_3,9l9y_2,9l9y_2__9wwh_3
9x0j,9x0j_A_E,interface,9x0j,1,5,polypeptide(L),polypeptide(L),A,E,A,B,158,214,150,208,[antibody-protein];[antibody_HL-protein],9wwh_3,9k6j_3,9k6j_3__9wwh_3
9udq,9udq_A_B,interface,9udq,1,2,polypeptide(L),polypeptide(L),A,B,J,A,124,215,82,215,[antibody-protein];[antibody_HL-protein],9udq_1,9k6j_3,9k6j_3__9udq_1
9udq,9udq_A_C,interface,9udq,1,3,polypeptide(L),polypeptide(L),A,C,J,F,124,236,82,221,[antibody-protein];[antibody_HL-protein],9udq_1,9l9y_2,9l9y_2__9udq_1
9vo2,9vo2_A_E,interface,9vo2,1,5,polypeptide(L),polypeptide(L),A,E,A,S,370,285,234,230,[antibody-protein];[antibody_scFv-protein],9lr2_1,9vmn_5,9lr2_1__9vmn_5
9vo2,9vo2_B_E,interface,9vo2,2,5,polypeptide(L),polypeptide(L),B,E,B,S,338,285,338,230,[antibody-protein];[antibody_scFv-protein],9vmn_2,9vmn_5,9vmn_2__9vmn_5
9q6n,9q6n_A_B,interface,9q6n,1,2,polypeptide(L),polypeptide(L),A,B,A,B,584,129,584,129,[antibody-protein];[antibody_H-protein],9q6n_1,9n7s_4,9n7s_4__9q6n_1
9q6n,9q6n_A_C,interface,9q6n,1,3,polypeptide(L),polypeptide(L),A,C,A,C,584,123,584,123,[antibody-protein];[antibody_H-protein],9q6n_1,9n7s_4,9n7s_4__9q6n_1
9q6n,9q6n_A_D,interface,9q6n,1,4,polypeptide(L),polypeptide(L),A,D,A,D,584,122,584,122,[antibody-protein];[antibody_H-protein],9q6n_1,9n7s_4,9n7s_4__9q6n_1
9q6n,9q6n_A_E,interface,9q6n,1,5,polypeptide(L),polypeptide(L),A,E,A,E,584,119,584,119,[antibody-protein];[antibody_H-protein],9q6n_1,9n7s_4,9n7s_4__9q6n_1
9nw9,9nw9_A_C,interface,9nw9,1,3,polypeptide(L),polypeptide(L),A,C,A,H,275,233,269,223,[antibody-protein];[antibody_HL-protein],9qqf_4,9l9y_2,9l9y_2__9qqf_4
9nw9,9nw9_A_D,interface,9nw9,1,4,polypeptide(L),polypeptide(L),A,D,A,L,275,217,269,217,[antibody-protein];[antibody_HL-protein],9qqf_4,9k6j_3,9k6j_3__9qqf_4
9nw9,9nw9_C_E,interface,9nw9,3,5,polypeptide(L),polypeptide(L),C,E,H,P,233,9,223,9,[antibody-protein];[antibody_HL-protein];[peptide-interface];[peptide-protein],9l9y_2,RMYSPTSIL,9l9y_2__RMYSPTSIL
9nw9,9nw9_D_E,interface,9nw9,4,5,polypeptide(L),polypeptide(L),D,E,L,P,217,9,217,9,[antibody-protein];[antibody_HL-protein];[peptide-interface];[peptide-protein],9k6j_3,RMYSPTSIL,9k6j_3__RMYSPTSIL
9lme,9lme_A_D,interface,9lme,1,2,polypeptide(L),polypeptide(L),A,D,A,F,225,141,219,117,[antibody-protein];[antibody_H-protein],9lme_1,9n7s_4,9lme_1__9n7s_4
9n1p,9n1p_A_D,interface,9n1p,1,4,polypeptide(L),polypeptide(L),A,D,A,N,394,128,227,128,[antibody-protein];[antibody_H-protein],9lr2_1,9n7s_4,9lr2_1__9n7s_4
9n1p,9n1p_B_D,interface,9n1p,2,4,polypeptide(L),polypeptide(L),B,D,B,N,351,128,340,128,[antibody-protein];[antibody_H-protein],9vmn_2,9n7s_4,9n7s_4__9vmn_2
9n2i,9n2i_B_E,interface,9n2i,2,5,polypeptide(L),polypeptide(L),B,E,A,N,394,128,230,128,[antibody-protein];[antibody_H-protein],9lr2_1,9n7s_4,9lr2_1__9n7s_4
9n2i,9n2i_C_E,interface,9n2i,3,5,polypeptide(L),polypeptide(L),C,E,B,N,350,128,339,128,[antibody-protein];[antibody_H-protein],9vmn_2,9n7s_4,9n7s_4__9vmn_2
9x3z,9x3z_B_D,interface,9x3z,2,4,polypeptide(L),polypeptide(L),B,D,A,S,361,247,208,228,[antibody-protein];[antibody_scFv-protein],9lr2_1,9vmn_5,9lr2_1__9vmn_5
9x3z,9x3z_C_D,interface,9x3z,3,4,polypeptide(L),polypeptide(L),C,D,B,S,345,247,335,228,[antibody-protein];[antibody_scFv-protein],9vmn_2,9vmn_5,9vmn_2__9vmn_5
21av,21av_A_C,interface,21av,1,3,polypeptide(L),polypeptide(L),A,C,C,H,125,321,125,321,[antibody-protein];[antibody_HL-protein],9n7s_4,21aq_3,21aq_3__9n7s_4
21av,21av_B_C,interface,21av,2,3,polypeptide(L),polypeptide(L),B,C,D,H,110,321,110,321,[antibody-protein];[antibody_HL-protein],9ua5_3,21aq_3,21aq_3__9ua5_3
21av,21av_C_D,interface,21av,3,4,polypeptide(L),polypeptide(L),C,D,H,A,321,123,321,123,[antibody-protein];[antibody_HL-protein],21aq_3,9n7s_4,21aq_3__9n7s_4
21av,21av_C_E,interface,21av,3,5,polypeptide(L),polypeptide(L),C,E,H,B,321,108,321,108,[antibody-protein];[antibody_HL-protein],21aq_3,9ua5_3,21aq_3__9ua5_3
9u5p,9u5p_A_B,interface,9u5p,1,2,polypeptide(L),polypeptide(L),A,B,A,B,180,127,180,127,[antibody-protein];[antibody_HL-protein],9u5p_1,9n7s_4,9n7s_4__9u5p_1
9u5p,9u5p_A_E,interface,9u5p,1,2,polypeptide(L),polypeptide(L),A,E,A,P,180,127,180,127,[antibody-protein];[antibody_HL-protein],9u5p_1,9n7s_4,9n7s_4__9u5p_1
9u5p,9u5p_B_D,interface,9u5p,1,2,polypeptide(L),polypeptide(L),D,B,O,B,180,127,180,127,[antibody-protein];[antibody_HL-protein],9u5p_1,9n7s_4,9n7s_4__9u5p_1
9u5p,9u5p_D_E,interface,9u5p,1,2,polypeptide(L),polypeptide(L),D,E,O,P,180,127,180,127,[antibody-protein];[antibody_HL-protein],9u5p_1,9n7s_4,9n7s_4__9u5p_1
9u5p,9u5p_A_C,interface,9u5p,1,3,polypeptide(L),polypeptide(L),A,C,A,C,180,107,180,105,[antibody-protein];[antibody_HL-protein],9u5p_1,9ua5_3,9u5p_1__9ua5_3
9u5p,9u5p_D_F,interface,9u5p,1,3,polypeptide(L),polypeptide(L),D,F,O,Q,180,107,180,107,[antibody-protein];[antibody_HL-protein],9u5p_1,9ua5_3,9u5p_1__9ua5_3
9nl0,9nl0_A_B,interface,9nl0,1,2,polypeptide(L),polypeptide(L),A,B,H,A,230,12,230,12,[antibody-protein];[antibody_HL-protein];[peptide-interface];[peptide-protein],9l9y_2,9nl0_2,9l9y_2__9nl0_2
9nl0,9nl0_B_C,interface,9nl0,2,3,polypeptide(L),polypeptide(L),B,C,A,L,12,217,12,215,[antibody-protein];[antibody_HL-protein];[peptide-interface];[peptide-protein],9nl0_2,9k6j_3,9k6j_3__9nl0_2
9xth,9xth_A_B,interface,9xth,1,2,polypeptide(L),polypeptide(L),A,B,B,A,250,240,220,233,[antibody-protein];[antibody_HL-protein],9l9y_2,9xth_2,9l9y_2__9xth_2
9xth,9xth_B_C,interface,9xth,2,3,polypeptide(L),polypeptide(L),B,C,A,C,240,233,233,212,[antibody-protein];[antibody_HL-protein],9xth_2,9k6j_3,9k6j_3__9xth_2
9zen,9zen_C_K,interface,9zen,3,7,polypeptide(L),polypeptide(L),C,K,C,L,111,119,111,119,[antibody-protein];[antibody_H-protein],8ubi_3,9n7s_4,8ubi_3__9n7s_4
9zen,9zen_G_L,interface,9zen,3,7,polypeptide(L),polypeptide(L),G,L,G,K,111,119,111,119,[antibody-protein];[antibody_H-protein],8ubi_3,9n7s_4,8ubi_3__9n7s_4
9zen,9zen_D_K,interface,9zen,4,7,polypeptide(L),polypeptide(L),D,K,D,L,93,119,93,119,[antibody-protein];[antibody_H-protein],9zen_4,9n7s_4,9n7s_4__9zen_4
9zen,9zen_H_L,interface,9zen,4,7,polypeptide(L),polypeptide(L),H,L,H,K,93,119,93,119,[antibody-protein];[antibody_H-protein],9zen_4,9n7s_4,9n7s_4__9zen_4
9w14,9w14_A_B,interface,9w14,1,2,polypeptide(L),polypeptide(L),A,B,G,B,223,107,186,107,[antibody-protein];[antibody_HL-protein],9lh2_1,9ua5_3,9lh2_1__9ua5_3
9w14,9w14_A_C,interface,9w14,1,3,polypeptide(L),polypeptide(L),A,C,G,C,223,119,186,119,[antibody-protein];[antibody_HL-protein],9lh2_1,9n7s_4,9lh2_1__9n7s_4
9q7y,9q7y_B_D,interface,9q7y,2,4,polypeptide(L),polypeptide(L),B,D,C,B,106,671,106,629,[antibody-protein];[antibody_HL-protein],9ua5_3,9q7y_4,9q7y_4__9ua5_3
9q7y,9q7y_C_D,interface,9q7y,3,4,polypeptide(L),polypeptide(L),C,D,D,B,118,671,118,629,[antibody-protein];[antibody_HL-protein],9n7s_4,9q7y_4,9n7s_4__9q7y_4
9nw4,9nw4_A_C,interface,9nw4,1,3,polypeptide(L),polypeptide(L),A,C,A,C,229,18,212,9,[antibody-protein];[antibody_HL-protein];[peptide-interface];[peptide-protein],9l9y_2,9nw4_3,9l9y_2__9nw4_3
9nw4,9nw4_B_C,interface,9nw4,2,3,polypeptide(L),polypeptide(L),B,C,B,C,220,18,219,9,[antibody-protein];[antibody_HL-protein];[peptide-interface];[peptide-protein],9k6j_3,9nw4_3,9k6j_3__9nw4_3
9lqw,9lqw_A_B,interface,9lqw,1,2,polypeptide(L),polypeptide(L),A,B,A,C,380,130,271,129,[antibody-protein];[antibody_H-protein],9lr2_2,9n7s_4,9lr2_2__9n7s_4
9lqw,9lqw_C_D,interface,9lqw,1,2,polypeptide(L),polypeptide(L),C,D,B,D,380,130,271,129,[antibody-protein];[antibody_H-protein],9lr2_2,9n7s_4,9lr2_2__9n7s_4
9m3s,9m3s_A_C,interface,9m3s,1,3,polypeptide(L),polypeptide(L),A,C,B,N,340,139,338,127,[antibody-protein];[antibody_H-protein],9vmn_2,9n7s_4,9n7s_4__9vmn_2
9m3s,9m3s_C_D,interface,9m3s,3,4,polypeptide(L),polypeptide(L),C,D,N,A,139,247,127,234,[antibody-protein];[antibody_H-protein],9n7s_4,9ldx_1,9ldx_1__9n7s_4
9m8l,9m8l_B_D,interface,9m8l,2,4,polypeptide(L),polypeptide(L),B,D,N,B,307,351,232,339,[antibody-protein];[antibody_scFv-protein],9vmn_5,9vmn_2,9vmn_2__9vmn_5
9m8l,9m8l_B_E,interface,9m8l,2,5,polypeptide(L),polypeptide(L),B,E,N,A,307,239,232,238,[antibody-protein];[antibody_scFv-protein],9vmn_5,9ldx_1,9ldx_1__9vmn_5
9uo0,9uo0_A_B,interface,9uo0,1,2,polypeptide(L),polypeptide(L),A,B,M,3,214,129,208,123,[antibody-protein];[antibody_H-protein],9uoc_1,9n7s_4,9n7s_4__9uoc_1
9uk2,9uk2_B_E,interface,9uk2,2,5,polypeptide(L),polypeptide(L),B,E,B,E,246,286,229,232,[antibody-protein];[antibody_scFv-protein],9ldx_1,9vmn_5,9ldx_1__9vmn_5
9uk2,9uk2_C_E,interface,9uk2,3,5,polypeptide(L),polypeptide(L),C,E,C,E,340,286,335,232,[antibody-protein];[antibody_scFv-protein],9vmn_2,9vmn_5,9vmn_2__9vmn_5
9th6,9th6_A_B,interface,9th6,1,2,polypeptide(L),polypeptide(L),A,B,A,B,547,132,448,125,[antibody-protein];[antibody_H-protein],9th6_1,9n7s_4,9n7s_4__9th6_1
9iar,9iar_A_D,interface,9iar,1,2,polypeptide(L),polypeptide(L),A,D,B,D,583,144,558,114,[antibody-protein];[antibody_H-protein],9iar_1,9n7s_4,9iar_1__9n7s_4
9iar,9iar_B_C,interface,9iar,1,2,polypeptide(L),polypeptide(L),C,B,A,C,583,144,558,114,[antibody-protein];[antibody_H-protein],9iar_1,9n7s_4,9iar_1__9n7s_4
9ulm,9ulm_A_H,interface,9ulm,1,4,polypeptide(L),polypeptide(L),A,H,A,Y,231,28,214,11,[antibody-protein];[antibody_HL-protein],9l9y_2,9ulm_4,9l9y_2__9ulm_4
9ulm,9ulm_B_H,interface,9ulm,2,4,polypeptide(L),polypeptide(L),B,H,B,Y,219,28,216,11,[antibody-protein];[antibody_HL-protein],9k6j_3,9ulm_4,9k6j_3__9ulm_4
9l9y,9l9y_A_E,interface,9l9y,1,3,polypeptide(L),polypeptide(L),A,E,L,C,213,148,209,146,[antibody-protein];[antibody_HL-protein],9k6j_3,9l9y_3,9k6j_3__9l9y_3
9l9y,9l9y_C_F,interface,9l9y,1,3,polypeptide(L),polypeptide(L),C,F,B,D,213,148,210,147,[antibody-protein];[antibody_HL-protein],9k6j_3,9l9y_3,9k6j_3__9l9y_3
9l9y,9l9y_B_E,interface,9l9y,2,3,polypeptide(L),polypeptide(L),B,E,H,C,215,148,215,146,[antibody-protein];[antibody_HL-protein],9l9y_2,9l9y_3,9l9y_2__9l9y_3
9l9y,9l9y_D_F,interface,9l9y,2,3,polypeptide(L),polypeptide(L),D,F,A,D,215,148,215,147,[antibody-protein];[antibody_HL-protein],9l9y_2,9l9y_3,9l9y_2__9l9y_3
9mzf,9mzf_A_C,interface,9mzf,1,3,polypeptide(L),polypeptide(L),A,C,B,N,352,128,338,126,[antibody-protein];[antibody_H-protein],9vmn_2,9n7s_4,9n7s_4__9vmn_2
9mzf,9mzf_C_F,interface,9mzf,3,6,polypeptide(L),polypeptide(L),C,F,N,A,128,394,126,232,[antibody-protein];[antibody_H-protein],9n7s_4,9lr2_1,9lr2_1__9n7s_4
9mz8,9mz8_A_C,interface,9mz8,1,3,polypeptide(L),polypeptide(L),A,C,A,D,213,43,213,16,[antibody-protein];[antibody_HL-protein],9k6j_3,9mmj_3,9k6j_3__9mmj_3
9mz8,9mz8_B_C,interface,9mz8,2,3,polypeptide(L),polypeptide(L),B,C,B,D,216,43,209,16,[antibody-protein];[antibody_HL-protein],9l9y_2,9mmj_3,9l9y_2__9mmj_3
9x05,9x05_A_D,interface,9x05,1,4,polypeptide(L),polypeptide(L),A,D,B,A,221,158,220,146,[antibody-protein];[antibody_HL-protein],9l9y_2,9wwh_3,9l9y_2__9wwh_3
9x05,9x05_B_D,interface,9x05,2,4,polypeptide(L),polypeptide(L),B,D,C,A,212,158,211,146,[antibody-protein];[antibody_HL-protein],9k6j_3,9wwh_3,9k6j_3__9wwh_3
9x05,9x05_C_D,interface,9x05,3,4,polypeptide(L),polypeptide(L),C,D,E,A,214,158,213,146,[antibody-protein];[antibody_HL-protein],9k6j_3,9wwh_3,9k6j_3__9wwh_3
9x05,9x05_D_E,interface,9x05,4,5,polypeptide(L),polypeptide(L),D,E,A,D,158,227,146,220,[antibody-protein];[antibody_HL-protein],9wwh_3,9l9y_2,9l9y_2__9wwh_3
9xqn,9xqn_A_B,interface,9xqn,1,2,polypeptide(L),polypeptide(L),A,B,A,B,422,107,365,106,[antibody-protein];[antibody_HL-protein],9xqn_1,9ua5_3,9ua5_3__9xqn_1
9xqn,9xqn_A_C,interface,9xqn,1,3,polypeptide(L),polypeptide(L),A,C,A,C,422,121,365,121,[antibody-protein];[antibody_HL-protein],9xqn_1,9n7s_4,9n7s_4__9xqn_1
9ulp,9ulp_A_B,interface,9ulp,1,2,polypeptide(L),polypeptide(L),A,B,A,C,283,124,275,119,[antibody-protein];[antibody_H-protein],9ulp_1,9n7s_4,9n7s_4__9ulp_1
9vmn,9vmn_A_E,interface,9vmn,1,5,polypeptide(L),polypeptide(L),A,E,A,S,356,247,234,230,[antibody-protein];[antibody_scFv-protein],9lr2_1,9vmn_5,9lr2_1__9vmn_5
9vmn,9vmn_B_E,interface,9vmn,2,5,polypeptide(L),polypeptide(L),B,E,B,S,338,247,338,230,[antibody-protein];[antibody_scFv-protein],9vmn_2,9vmn_5,9vmn_2__9vmn_5
9ly3,9ly3_B_C,interface,9ly3,2,3,polypeptide(L),polypeptide(L),B,C,B,C,392,237,334,205,[antibody-protein];[antibody_HL-protein],9lxp_1,9l9y_2,9l9y_2__9lxp_1
9ly3,9ly3_B_D,interface,9ly3,2,4,polypeptide(L),polypeptide(L),B,D,B,E,392,213,334,207,[antibody-protein];[antibody_HL-protein],9lxp_1,9k6j_3,9k6j_3__9lxp_1
9ly3,9ly3_D_E,interface,9ly3,4,5,polypeptide(L),polypeptide(L),D,E,E,R,213,507,207,334,[antibody-protein];[antibody_HL-protein],9k6j_3,9lxp_5,9k6j_3__9lxp_5
9jkr,9jkr_A_E,interface,9jkr,1,5,polypeptide(L),polypeptide(L),A,E,A,I,231,149,114,110,[antibody-protein];[antibody_HL-protein],9l9y_2,9jkr_5,9jkr_5__9l9y_2
9jkr,9jkr_B_E,interface,9jkr,2,5,polypeptide(L),polypeptide(L),B,E,B,I,215,149,107,110,[antibody-protein];[antibody_HL-protein],9k6j_3,9jkr_5,9jkr_5__9k6j_3
9jkr,9jkr_C_E,interface,9jkr,3,5,polypeptide(L),polypeptide(L),C,E,C,I,236,149,123,110,[antibody-protein];[antibody_HL-protein],9l9y_2,9jkr_5,9jkr_5__9l9y_2
9jkr,9jkr_D_E,interface,9jkr,4,5,polypeptide(L),polypeptide(L),D,E,D,I,221,149,113,110,[antibody-protein];[antibody_HL-protein],9k6j_3,9jkr_5,9jkr_5__9k6j_3
9rn6,9rn6_A_B,interface,9rn6,1,2,polypeptide(L),polypeptide(L),A,B,A,B,241,123,210,121,[antibody-protein];[antibody_H-protein],9rn6_1,9n7s_4,9n7s_4__9rn6_1
9rn6,9rn6_A_C,interface,9rn6,1,3,polypeptide(L),polypeptide(L),A,C,A,C,241,138,210,123,[antibody-protein];[antibody_H-protein],9rn6_1,9n7s_4,9n7s_4__9rn6_1
9mz7,9mz7_A_C,interface,9mz7,1,3,polypeptide(L),polypeptide(L),A,C,A,D,214,43,214,15,[antibody-protein];[antibody_HL-protein],9k6j_3,9mmj_3,9k6j_3__9mmj_3
9mz7,9mz7_B_C,interface,9mz7,2,3,polypeptide(L),polypeptide(L),B,C,B,D,216,43,209,15,[antibody-protein];[antibody_HL-protein],9l9y_2,9mmj_3,9l9y_2__9mmj_3
9ua5,9ua5_A_B,interface,9ua5,1,2,polypeptide(L),polypeptide(L),A,B,C,G,399,119,326,119,[antibody-protein];[antibody_HL-protein],9ua5_1,9n7s_4,9n7s_4__9ua5_1
9ua5,9ua5_A_C,interface,9ua5,1,3,polypeptide(L),polypeptide(L),A,C,C,K,399,106,326,106,[antibody-protein];[antibody_HL-protein],9ua5_1,9ua5_3,9ua5_1__9ua5_3
9ua5,9ua5_A_D,interface,9ua5,1,4,polypeptide(L),polypeptide(L),A,D,C,D,399,111,326,111,[antibody-protein];[antibody_HL-protein],9ua5_1,9ua5_3,9ua5_1__9ua5_3
9ua5,9ua5_A_E,interface,9ua5,1,5,polypeptide(L),polypeptide(L),A,E,C,H,399,118,326,118,[antibody-protein];[antibody_HL-protein],9ua5_1,9n7s_4,9n7s_4__9ua5_1
9ly6,9ly6_A_B,interface,9ly6,1,2,polypeptide(L),polypeptide(L),A,B,A,B,433,237,405,213,[antibody-protein];[antibody_HL-protein],9ly6_1,9l9y_2,9l9y_2__9ly6_1
9ly6,9ly6_A_D,interface,9ly6,1,2,polypeptide(L),polypeptide(L),A,D,A,D,433,237,405,204,[antibody-protein];[antibody_HL-protein],9ly6_1,9l9y_2,9l9y_2__9ly6_1
9ly6,9ly6_A_E,interface,9ly6,1,3,polypeptide(L),polypeptide(L),A,E,A,E,433,213,405,190,[antibody-protein];[antibody_HL-protein],9ly6_1,9k6j_3,9k6j_3__9ly6_1
9lp1,9lp1_A_C,interface,9lp1,1,3,polypeptide(L),polypeptide(L),A,C,A,C,117,194,117,194,[antibody-protein];[antibody_HL-protein],9n7s_4,9lh2_1,9lh2_1__9n7s_4
9lp1,9lp1_B_C,interface,9lp1,2,3,polypeptide(L),polypeptide(L),B,C,B,C,107,194,101,194,[antibody-protein];[antibody_HL-protein],9ua5_3,9lh2_1,9lh2_1__9ua5_3
9rig,9rig_A_D,interface,9rig,1,4,polypeptide(L),polypeptide(L),A,D,A,H,297,239,295,134,[antibody-protein];[antibody_HL-protein],9rig_1,9l9y_2,9l9y_2__9rig_1
9rig,9rig_A_E,interface,9rig,1,5,polypeptide(L),polypeptide(L),A,E,A,L,297,216,295,108,[antibody-protein];[antibody_HL-protein],9rig_1,9k6j_3,9k6j_3__9rig_1
9rig,9rig_B_D,interface,9rig,2,4,polypeptide(L),polypeptide(L),B,D,B,H,245,239,245,134,[antibody-protein];[antibody_HL-protein],9rig_2,9l9y_2,9l9y_2__9rig_2
9rig,9rig_C_D,interface,9rig,3,4,polypeptide(L),polypeptide(L),C,D,C,H,242,239,242,134,[antibody-protein];[antibody_HL-protein],9rig_3,9l9y_2,9l9y_2__9rig_3
9n09,9n09_A_D,interface,9n09,1,4,polypeptide(L),polypeptide(L),A,D,A,N,257,128,227,128,[antibody-protein];[antibody_H-protein],9ldx_1,9n7s_4,9ldx_1__9n7s_4
9n09,9n09_B_D,interface,9n09,2,4,polypeptide(L),polypeptide(L),B,D,B,N,349,128,339,128,[antibody-protein];[antibody_H-protein],9vmn_2,9n7s_4,9n7s_4__9vmn_2
9mnt,9mnt_A_C,interface,9mnt,1,3,polypeptide(L),polypeptide(L),A,C,L,E,212,189,212,169,[antibody-protein];[antibody_HL-protein],9k6j_3,9mns_3,9k6j_3__9mns_3
9mnt,9mnt_B_C,interface,9mnt,2,3,polypeptide(L),polypeptide(L),B,C,H,E,235,189,230,169,[antibody-protein];[antibody_HL-protein],9l9y_2,9mns_3,9l9y_2__9mns_3
9mxu,9mxu_C_F,interface,9mxu,3,6,polypeptide(L),polypeptide(L),C,F,A,N,394,128,233,126,[antibody-protein];[antibody_H-protein],9lr2_1,9n7s_4,9lr2_1__9n7s_4
9mxu,9mxu_D_F,interface,9mxu,4,6,polypeptide(L),polypeptide(L),D,F,B,N,350,128,338,126,[antibody-protein];[antibody_H-protein],9vmn_2,9n7s_4,9n7s_4__9vmn_2
9n0e,9n0e_A_D,interface,9n0e,1,4,polypeptide(L),polypeptide(L),A,D,B,N,352,128,339,128,[antibody-protein];[antibody_H-protein],9vmn_2,9n7s_4,9n7s_4__9vmn_2
9n0e,9n0e_D_F,interface,9n0e,4,6,polypeptide(L),polypeptide(L),D,F,N,A,128,394,128,228,[antibody-protein];[antibody_H-protein],9n7s_4,9lr2_1,9lr2_1__9n7s_4
9yc5,9yc5_A_B,interface,9yc5,1,2,polypeptide(L),polypeptide(L),A,B,A,H,283,221,180,214,[antibody-protein];[antibody_HL-protein],9yc5_1,9l9y_2,9l9y_2__9yc5_1
9yc5,9yc5_A_C,interface,9yc5,1,3,polypeptide(L),polypeptide(L),A,C,A,L,283,219,180,212,[antibody-protein];[antibody_HL-protein],9yc5_1,9k6j_3,9k6j_3__9yc5_1
9mmj,9mmj_A_C,interface,9mmj,1,3,polypeptide(L),polypeptide(L),A,C,A,D,213,43,213,19,[antibody-protein];[antibody_HL-protein],9k6j_3,9mmj_3,9k6j_3__9mmj_3
9mmj,9mmj_B_C,interface,9mmj,2,3,polypeptide(L),polypeptide(L),B,C,B,D,216,43,207,19,[antibody-protein];[antibody_HL-protein],9l9y_2,9mmj_3,9l9y_2__9mmj_3
9ynx,9ynx_A_E,interface,9ynx,1,2,polypeptide(L),polypeptide(L),A,E,A,F,205,235,189,229,[antibody-protein];[antibody_HL-protein],9lh2_1,9l9y_2,9l9y_2__9lh2_1
9ynx,9ynx_B_C,interface,9ynx,1,2,polypeptide(L),polypeptide(L),B,C,B,D,205,235,195,229,[antibody-protein];[antibody_HL-protein],9lh2_1,9l9y_2,9l9y_2__9lh2_1
9ynx,9ynx_A_F,interface,9ynx,1,3,polypeptide(L),polypeptide(L),A,F,A,G,205,213,189,212,[antibody-protein];[antibody_HL-protein],9lh2_1,9k6j_3,9k6j_3__9lh2_1
9ynx,9ynx_B_D,interface,9ynx,1,3,polypeptide(L),polypeptide(L),B,D,B,E,205,213,195,212,[antibody-protein];[antibody_HL-protein],9lh2_1,9k6j_3,9k6j_3__9lh2_1
9vnp,9vnp_A_B,interface,9vnp,1,2,polypeptide(L),polypeptide(L),A,B,L,A,192,218,96,216,[antibody-protein];[antibody_HL-protein],9vnp_1,9k6j_3,9k6j_3__9vnp_1
9vnp,9vnp_A_B.1,interface,9vnp,1,2,polypeptide(L),polypeptide(L),A,B.1,L,A,192,218,96,216,[antibody-protein];[antibody_HL-protein],9vnp_1,9k6j_3,9k6j_3__9vnp_1
9vnp,9vnp_A.1_B,interface,9vnp,1,2,polypeptide(L),polypeptide(L),A.1,B,L,A,192,218,96,216,[antibody-protein];[antibody_HL-protein],9vnp_1,9k6j_3,9k6j_3__9vnp_1
9vnp,9vnp_A_C,interface,9vnp,1,3,polypeptide(L),polypeptide(L),A,C,L,C,192,223,96,216,[antibody-protein];[antibody_HL-protein],9vnp_1,9l9y_2,9l9y_2__9vnp_1
9lsy,9lsy_A_E,interface,9lsy,1,3,polypeptide(L),polypeptide(L),A,E,D,C,202,107,202,106,[antibody-protein];[antibody_HL-protein],9lsy_1,9ua5_3,9lsy_1__9ua5_3
9lsy,9lsy_C_G,interface,9lsy,1,3,polypeptide(L),polypeptide(L),C,G,A,F,202,107,202,103,[antibody-protein];[antibody_HL-protein],9lsy_1,9ua5_3,9lsy_1__9ua5_3
9lsy,9lsy_A_F,interface,9lsy,1,4,polypeptide(L),polypeptide(L),A,F,D,E,202,117,202,117,[antibody-protein];[antibody_HL-protein],9lsy_1,9n7s_4,9lsy_1__9n7s_4
9lsy,9lsy_C_H,interface,9lsy,1,4,polypeptide(L),polypeptide(L),C,H,A,H,202,117,202,111,[antibody-protein];[antibody_HL-protein],9lsy_1,9n7s_4,9lsy_1__9n7s_4
9sbb,9sbb_A_C,interface,9sbb,1,3,polypeptide(L),polypeptide(L),A,C,H,R,229,219,217,194,[antibody-protein];[antibody_HL-protein],9l9y_2,9lh2_1,9l9y_2__9lh2_1
9sbb,9sbb_B_C,interface,9sbb,2,3,polypeptide(L),polypeptide(L),B,C,L,R,217,219,213,194,[antibody-protein];[antibody_HL-protein],9k6j_3,9lh2_1,9k6j_3__9lh2_1
9ldx,9ldx_A_E,interface,9ldx,1,5,polypeptide(L),polypeptide(L),A,E,A,S,246,259,233,232,[antibody-protein];[antibody_scFv-protein],9ldx_1,9vmn_5,9ldx_1__9vmn_5
9ldx,9ldx_B_E,interface,9ldx,2,5,polypeptide(L),polypeptide(L),B,E,B,S,339,259,338,232,[antibody-protein];[antibody_scFv-protein],9vmn_2,9vmn_5,9vmn_2__9vmn_5
9ssm,9ssm_A_C,interface,9ssm,1,3,polypeptide(L),polypeptide(L),A,C,H,R,230,249,221,191,[antibody-protein];[antibody_HL-protein],9l9y_2,9lh2_1,9l9y_2__9lh2_1
9ssm,9ssm_B_C,interface,9ssm,2,3,polypeptide(L),polypeptide(L),B,C,K,R,214,249,214,191,[antibody-protein];[antibody_HL-protein],9k6j_3,9lh2_1,9k6j_3__9lh2_1
9d74,9d74_A_C,interface,9d74,1,3,polypeptide(L),polypeptide(L),A,C,A,H,274,214,273,206,[antibody-protein];[antibody_HL-protein],9qqf_4,9l9y_2,9l9y_2__9qqf_4
9d74,9d74_A_D,interface,9d74,1,4,polypeptide(L),polypeptide(L),A,D,A,L,274,213,273,211,[antibody-protein];[antibody_HL-protein],9qqf_4,9k6j_3,9k6j_3__9qqf_4
9d74,9d74_D_E,interface,9d74,4,5,polypeptide(L),polypeptide(L),D,E,L,P,213,9,211,9,[antibody-protein];[antibody_HL-protein];[peptide-interface];[peptide-protein],9k6j_3,EEFGRAFSF,9k6j_3__EEFGRAFSF
9i3p,9i3p_B_C,interface,9i3p,2,3,polypeptide(L),polypeptide(L),B,C,B,C,563,478,528,452,[antibody-protein];[antibody_H-protein],9i3p_2,9i3p_3,9i3p_2__9i3p_3
9lh2,9lh2_A_B,interface,9lh2,1,2,polypeptide(L),polypeptide(L),A,B,A,B,218,134,196,132,[antibody-protein];[antibody_H-protein],9lh2_1,9n7s_4,9lh2_1__9n7s_4
